inventory_id,store_id,sku_id,snapshot_date,quantity_on_hand,reorder_level,last_updated
INV-000001,CB-003,SKU-0055,3/18/2024,406,18,3/18/2024 20:58
INV-000002,CB-003,SKU-0055,2/1/2024,196,41,2/1/2024 17:34
INV-000003,CB-003,SKU-0036,3/9/2024,274,34,3/9/2024 2:37
INV-000004,CB-003,SKU-0036,2/23/2024,269,54,2/23/2024 23:14
INV-000005,CB-003,SKU-0010,1/12/2024,120,23,1/12/2024 0:23
INV-000006,CB-003,SKU-0010,3/12/2024,242,17,3/12/2024 1:58
INV-000007,CB-003,SKU-0010,2/14/2024,184,59,2/14/2024 4:18
INV-000008,CB-003,SKU-0006,1/19/2024,427,36,1/19/2024 7:13
INV-000009,CB-003,SKU-0006,1/29/2024,28,17,1/29/2024 22:45
INV-000010,CB-003,SKU-0021,2/18/2024,null,33,2/18/2024 1:44
INV-000011,CB-003,SKU-0009,3/25/2024,,20,3/25/2024 0:09
INV-000012,CB-003,SKU-0012,1/19/2024,40,10,1/19/2024 18:53
INV-000013,CB-003,SKU-0012,2/23/2024,76,40,2/23/2024 23:08
INV-000014,CB-003,SKU-0050,3/8/2024,357,40,3/8/2024 13:46
INV-000015,CB-003,SKU-0050,2/13/2024,227,54,2/13/2024 0:18
INV-000016,CB-003,SKU-0050,1/15/2024,wala,48,1/15/2024 5:32
INV-000017,CB-003,SKU-0025,1/2/2024,202,53,1/2/2024 14:35
INV-000018,CB-003,SKU-0023,2/3/2024,470,29,2/3/2024 22:14
INV-000019,CB-003,SKU-0023,2/24/2024,476,15,2/24/2024 16:24
INV-000020,CB-003,SKU-0023,1/17/2024,380,49,1/17/2024 1:14
INV-000021,CB-003,SKU-0061,1/24/2024,421,45,1/24/2024 19:53
INV-000022,CB-003,SKU-0061,1/10/2024,418,40,1/10/2024 10:41
INV-000023,CB-003,SKU-0032,2/21/2024,423,13,2/21/2024 11:41
INV-000024,CB-003,SKU-0032,2/24/2024,99,16,2/24/2024 2:23
INV-000025,CB-003,SKU-0032,3/18/2024,398,11,3/18/2024 7:18
INV-000026,CB-003,SKU-0028,3/10/2024,,10,3/10/2024 9:12
INV-000027,CB-003,SKU-0031,1/26/2024,326,25,1/26/2024 8:05
INV-000028,CB-003,SKU-0031,3/13/2024,null,12,3/13/2024 1:20
INV-000029,CB-003,SKU-0031,1/12/2024,483,32,1/12/2024 9:25
INV-000030,CB-003,SKU-0045,1/25/2024,161,56,1/25/2024 11:08
INV-000031,CB-003,SKU-0045,3/30/2024,null,57,3/30/2024 16:06
INV-000032,CB-003,SKU-0045,3/5/2024,413,11,3/5/2024 18:50
INV-000033,CB-039,SKU-0062,2/27/2024,402,28,2/27/2024 11:39
INV-000034,CB-039,SKU-0062,2/25/2024,20,59,2/25/2024 21:24
INV-000035,CB-039,SKU-0005,1/27/2024,312,19,1/27/2024 18:40
INV-000036,CB-039,SKU-0019,1/13/2024,N/A,45,1/13/2024 2:31
INV-000037,CB-039,SKU-0019,1/13/2024,232,28,1/13/2024 5:04
INV-000038,CB-039,SKU-0011,3/14/2024,186,14,3/14/2024 5:45
INV-000039,CB-039,SKU-0011,2/28/2024,132,26,2/28/2024 14:41
INV-000040,CB-039,SKU-0010,1/16/2024,497,12,1/16/2024 11:54
INV-000041,CB-039,SKU-0044,2/21/2024,209,53,2/21/2024 4:28
INV-000042,CB-039,SKU-0044,2/16/2024,262,30,2/16/2024 11:05
INV-000043,CB-039,SKU-0030,2/22/2024,259,53,2/22/2024 1:39
INV-000044,CB-039,SKU-0030,3/23/2024,29,25,3/23/2024 22:52
INV-000045,CB-039,SKU-0030,3/12/2024,4,16,3/12/2024 9:24
INV-000046,CB-039,SKU-0006,3/13/2024,204,24,3/13/2024 12:55
INV-000047,CB-039,SKU-0057,3/26/2024,47,39,3/26/2024 20:34
INV-000048,CB-039,SKU-0057,2/29/2024,wala,35,2/29/2024 13:12
INV-000049,CB-039,SKU-0041,2/12/2024,33,48,2/12/2024 15:13
INV-000050,CB-039,SKU-0041,3/30/2024,379,27,3/30/2024 14:02
INV-000051,CB-039,SKU-0058,1/20/2024,485,50,1/20/2024 6:20
INV-000052,CB-039,SKU-0058,3/13/2024,16,59,3/13/2024 12:03
INV-000053,CB-039,SKU-0058,2/16/2024,404,40,2/16/2024 6:03
INV-000054,CB-039,SKU-0046,1/3/2024,487,37,1/3/2024 8:16
INV-000055,CB-039,SKU-0015,1/23/2024,42,27,1/23/2024 12:05
INV-000056,CB-039,SKU-0015,2/8/2024,447,36,2/8/2024 16:13
INV-000057,CB-039,SKU-0015,3/26/2024,457,13,3/26/2024 2:57
INV-000058,CB-039,SKU-0014,2/13/2024,493,20,2/13/2024 6:22
INV-000059,CB-039,SKU-0014,2/23/2024,246,54,2/23/2024 5:44
INV-000060,CB-039,SKU-0060,2/15/2024,467,34,2/15/2024 0:35
INV-000061,CB-039,SKU-0060,3/17/2024,,49,3/17/2024 4:20
INV-000062,CB-039,SKU-0042,2/10/2024,7,39,2/10/2024 4:31
INV-000063,CB-039,SKU-0042,2/10/2024,58,53,2/10/2024 13:16
INV-000064,CB-039,SKU-0042,3/7/2024,null,18,3/7/2024 20:28
INV-000065,CB-039,SKU-0061,3/15/2024,,36,3/15/2024 22:34
INV-000066,CB-039,SKU-0061,1/22/2024,307,32,1/22/2024 6:12
INV-000067,CB-039,SKU-0061,3/27/2024,295,33,3/27/2024 11:01
INV-000068,CB-039,SKU-0054,2/9/2024,257,17,2/9/2024 22:31
INV-000069,CB-039,SKU-0054,3/24/2024,233,32,3/24/2024 11:53
INV-000070,CB-039,SKU-0065,2/24/2024,267,31,2/24/2024 3:59
INV-000071,CB-039,SKU-0065,1/23/2024,234,21,1/23/2024 17:38
INV-000072,CB-039,SKU-0065,1/21/2024,277,28,1/21/2024 21:44
INV-000073,CB-039,SKU-0033,2/25/2024,324,49,2/25/2024 3:05
INV-000074,CB-039,SKU-0033,1/14/2024,45,49,1/14/2024 13:06
INV-000075,CB-039,SKU-0033,3/4/2024,383,44,3/4/2024 3:40
INV-000076,CB-039,SKU-0034,3/5/2024,297,52,3/5/2024 9:54
INV-000077,CB-039,SKU-0034,2/23/2024,108,39,2/23/2024 17:24
INV-000078,CB-039,SKU-0039,1/26/2024,438,17,1/26/2024 11:50
INV-000079,CB-039,SKU-0050,2/22/2024,464,55,2/22/2024 23:25
INV-000080,CB-039,SKU-0050,1/1/2024,481,24,1/1/2024 16:18
INV-000081,CB-039,SKU-0045,3/25/2024,135,60,3/25/2024 13:43
INV-000082,CB-039,SKU-0045,1/31/2024,2,36,1/31/2024 1:00
INV-000083,CB-010,SKU-0020,1/31/2024,284,22,1/31/2024 19:41
INV-000084,CB-010,SKU-0020,2/20/2024,,37,2/20/2024 4:40
INV-000085,CB-010,SKU-0048,1/23/2024,206,43,1/23/2024 5:27
INV-000086,CB-010,SKU-0048,1/30/2024,50,18,1/30/2024 16:07
INV-000087,CB-010,SKU-0054,3/14/2024,401,58,3/14/2024 20:58
INV-000088,CB-010,SKU-0054,2/3/2024,428,30,2/3/2024 6:05
INV-000089,CB-010,SKU-0054,1/12/2024,13,50,1/12/2024 18:09
INV-000090,CB-010,SKU-0053,3/20/2024,362,15,3/20/2024 18:24
INV-000091,CB-010,SKU-0034,1/17/2024,232,59,1/17/2024 11:11
INV-000092,CB-010,SKU-0062,3/24/2024,459,22,3/24/2024 17:53
INV-000093,CB-010,SKU-0064,2/18/2024,394,13,2/18/2024 8:05
INV-000094,CB-010,SKU-0039,3/21/2024,11,47,3/21/2024 3:07
INV-000095,CB-010,SKU-0021,3/17/2024,N/A,26,3/17/2024 5:05
INV-000096,CB-010,SKU-0021,1/10/2024,253,23,1/10/2024 12:06
INV-000097,CB-010,SKU-0022,1/3/2024,wala,23,1/3/2024 21:26
INV-000098,CB-010,SKU-0022,2/18/2024,455,38,2/18/2024 5:11
INV-000099,CB-010,SKU-0011,1/2/2024,462,46,1/2/2024 20:38
INV-000100,CB-010,SKU-0011,1/5/2024,60,32,1/5/2024 15:39
INV-000101,CB-010,SKU-0037,3/10/2024,2,57,3/10/2024 8:59
INV-000102,CB-010,SKU-0037,1/16/2024,98,44,1/16/2024 0:33
INV-000103,CB-010,SKU-0037,3/6/2024,389,33,3/6/2024 3:57
INV-000104,CB-012,SKU-0004,3/4/2024,223,35,3/4/2024 6:16
INV-000105,CB-012,SKU-0004,1/23/2024,101,55,1/23/2024 8:25
INV-000106,CB-012,SKU-0042,3/15/2024,406,29,3/15/2024 5:50
INV-000107,CB-012,SKU-0009,3/3/2024,221,37,3/3/2024 19:47
INV-000108,CB-012,SKU-0015,2/10/2024,null,37,2/10/2024 6:36
INV-000109,CB-012,SKU-0015,2/15/2024,191,14,2/15/2024 14:10
INV-000110,CB-012,SKU-0006,3/6/2024,129,28,3/6/2024 19:52
INV-000111,CB-012,SKU-0047,3/8/2024,180,17,3/8/2024 5:51
INV-000112,CB-012,SKU-0047,2/11/2024,219,32,2/11/2024 7:04
INV-000113,CB-012,SKU-0047,1/28/2024,336,19,1/28/2024 10:07
INV-000114,CB-012,SKU-0045,2/10/2024,N/A,23,2/10/2024 14:36
INV-000115,CB-012,SKU-0063,1/30/2024,N/A,48,1/30/2024 6:33
INV-000116,CB-012,SKU-0063,1/28/2024,52,55,1/28/2024 19:56
INV-000117,CB-012,SKU-0018,1/10/2024,293,36,1/10/2024 21:48
INV-000118,CB-012,SKU-0018,2/25/2024,162,22,2/25/2024 6:03
INV-000119,CB-012,SKU-0018,3/4/2024,N/A,36,3/4/2024 3:07
INV-000120,CB-012,SKU-0057,1/22/2024,307,34,1/22/2024 7:36
INV-000121,CB-012,SKU-0057,1/3/2024,,10,1/3/2024 14:18
INV-000122,CB-012,SKU-0031,2/21/2024,18,43,2/21/2024 1:21
INV-000123,CB-012,SKU-0013,1/3/2024,35,36,1/3/2024 23:19
INV-000124,CB-012,SKU-0013,2/5/2024,162,35,2/5/2024 2:35
INV-000125,CB-012,SKU-0013,2/10/2024,252,35,2/10/2024 9:44
INV-000126,CB-012,SKU-0061,3/4/2024,434,17,3/4/2024 11:39
INV-000127,CB-012,SKU-0061,1/14/2024,14,10,1/14/2024 4:06
INV-000128,CB-012,SKU-0023,3/29/2024,370,20,3/29/2024 2:12
INV-000129,CB-012,SKU-0023,2/17/2024,417,10,2/17/2024 22:55
INV-000130,CB-012,SKU-0046,2/3/2024,452,17,2/3/2024 1:19
INV-000131,CB-012,SKU-0036,2/3/2024,168,60,2/3/2024 12:17
INV-000132,CB-012,SKU-0064,1/22/2024,473,39,1/22/2024 3:08
INV-000133,CB-012,SKU-0064,2/10/2024,441,47,2/10/2024 13:40
INV-000134,CB-012,SKU-0064,2/27/2024,342,43,2/27/2024 7:36
INV-000135,CB-012,SKU-0019,3/25/2024,250,30,3/25/2024 23:30
INV-000136,CB-012,SKU-0019,1/29/2024,47,28,1/29/2024 22:05
INV-000137,CB-028,SKU-0032,3/31/2024,232,42,3/31/2024 3:58
INV-000138,CB-028,SKU-0032,1/17/2024,112,34,1/17/2024 14:55
INV-000139,CB-028,SKU-0027,3/6/2024,103,22,3/6/2024 2:17
INV-000140,CB-028,SKU-0027,2/24/2024,84,46,2/24/2024 20:06
INV-000141,CB-028,SKU-0027,1/19/2024,236,57,1/19/2024 3:15
INV-000142,CB-028,SKU-0045,2/28/2024,95,40,2/28/2024 21:33
INV-000143,CB-028,SKU-0005,2/15/2024,,15,2/15/2024 11:27
INV-000144,CB-028,SKU-0005,1/28/2024,77,37,1/28/2024 16:21
INV-000145,CB-028,SKU-0062,2/26/2024,139,13,2/26/2024 20:24
INV-000146,CB-028,SKU-0065,2/24/2024,99,35,2/24/2024 5:38
INV-000147,CB-028,SKU-0065,2/5/2024,271,43,2/5/2024 13:06
INV-000148,CB-028,SKU-0065,3/28/2024,25,17,3/28/2024 7:07
INV-000149,CB-028,SKU-0004,1/5/2024,294,14,1/5/2024 17:06
INV-000150,CB-028,SKU-0014,1/29/2024,451,55,1/29/2024 12:25
INV-000151,CB-028,SKU-0014,2/20/2024,51,54,2/20/2024 8:31
INV-000152,CB-028,SKU-0001,1/22/2024,402,50,1/22/2024 9:45
INV-000153,CB-028,SKU-0043,2/6/2024,,42,2/6/2024 22:39
INV-000154,CB-028,SKU-0043,3/2/2024,378,54,3/2/2024 7:10
INV-000155,CB-028,SKU-0043,2/10/2024,,31,2/10/2024 14:09
INV-000156,CB-028,SKU-0058,3/26/2024,242,11,3/26/2024 5:16
INV-000157,CB-028,SKU-0030,1/22/2024,347,10,1/22/2024 19:22
INV-000158,CB-028,SKU-0053,3/15/2024,0,25,3/15/2024 15:07
INV-000159,CB-028,SKU-0053,1/6/2024,N/A,24,1/6/2024 16:32
INV-000160,CB-028,SKU-0025,1/19/2024,N/A,57,1/19/2024 10:28
INV-000161,CB-028,SKU-0013,2/14/2024,279,41,2/14/2024 8:23
INV-000162,CB-028,SKU-0013,2/28/2024,6,29,2/28/2024 22:21
INV-000163,CB-028,SKU-0060,3/25/2024,438,48,3/25/2024 15:07
INV-000164,CB-028,SKU-0060,2/4/2024,351,50,2/4/2024 0:09
INV-000165,CB-028,SKU-0060,2/22/2024,438,19,2/22/2024 11:31
INV-000166,CB-028,SKU-0007,2/1/2024,295,37,2/1/2024 11:13
INV-000167,CB-028,SKU-0022,1/12/2024,99,34,1/12/2024 20:06
INV-000168,CB-028,SKU-0022,2/5/2024,449,44,2/5/2024 14:56
INV-000169,CB-028,SKU-0022,3/8/2024,89,53,3/8/2024 11:56
INV-000170,CB-028,SKU-0055,2/20/2024,301,27,2/20/2024 9:12
INV-000171,CB-028,SKU-0055,1/6/2024,296,31,1/6/2024 19:07
INV-000172,CB-028,SKU-0038,2/28/2024,290,60,2/28/2024 11:18
INV-000173,CB-028,SKU-0038,1/15/2024,,39,1/15/2024 21:09
INV-000174,CB-028,SKU-0034,2/7/2024,319,20,2/7/2024 9:31
INV-000175,CB-028,SKU-0034,2/6/2024,33,10,2/6/2024 14:02
INV-000176,CB-028,SKU-0034,1/28/2024,144,17,1/28/2024 1:31
INV-000177,CB-028,SKU-0033,1/1/2024,220,10,1/1/2024 1:16
INV-000178,CB-028,SKU-0033,1/18/2024,179,60,1/18/2024 16:42
INV-000179,CB-028,SKU-0021,1/20/2024,N/A,19,1/20/2024 23:12
INV-000180,CB-028,SKU-0021,2/25/2024,299,28,2/25/2024 7:02
INV-000181,CB-028,SKU-0021,3/1/2024,477,53,3/1/2024 20:24
INV-000182,CB-034,SKU-0052,2/8/2024,290,39,2/8/2024 17:11
INV-000183,CB-034,SKU-0013,2/25/2024,49,38,2/25/2024 22:20
INV-000184,CB-034,SKU-0013,3/5/2024,478,32,3/5/2024 14:22
INV-000185,CB-034,SKU-0058,2/29/2024,215,39,2/29/2024 0:58
INV-000186,CB-034,SKU-0058,3/12/2024,13,36,3/12/2024 2:48
INV-000187,CB-034,SKU-0017,3/19/2024,464,25,3/19/2024 18:32
INV-000188,CB-034,SKU-0059,1/17/2024,317,46,1/17/2024 9:03
INV-000189,CB-034,SKU-0059,2/20/2024,64,10,2/20/2024 14:51
INV-000190,CB-034,SKU-0020,2/28/2024,wala,27,2/28/2024 20:06
INV-000191,CB-034,SKU-0020,2/12/2024,N/A,46,2/12/2024 15:44
INV-000192,CB-034,SKU-0020,2/12/2024,,53,2/12/2024 16:47
INV-000193,CB-034,SKU-0039,1/7/2024,359,19,1/7/2024 17:47
INV-000194,CB-034,SKU-0039,3/4/2024,69,53,3/4/2024 20:54
INV-000195,CB-034,SKU-0039,1/20/2024,154,56,1/20/2024 0:51
INV-000196,CB-034,SKU-0060,3/20/2024,352,14,3/20/2024 0:09
INV-000197,CB-034,SKU-0060,3/18/2024,450,16,3/18/2024 7:13
INV-000198,CB-034,SKU-0012,3/1/2024,12,38,3/1/2024 12:03
INV-000199,CB-034,SKU-0037,2/8/2024,207,21,2/8/2024 7:53
INV-000200,CB-034,SKU-0028,2/3/2024,420,38,2/3/2024 21:39
INV-000201,CB-034,SKU-0028,1/16/2024,221,11,1/16/2024 5:09
INV-000202,CB-034,SKU-0028,3/25/2024,123,57,3/25/2024 22:34
INV-000203,CB-034,SKU-0044,3/1/2024,245,52,3/1/2024 3:37
INV-000204,CB-034,SKU-0021,2/17/2024,341,34,2/17/2024 22:51
INV-000205,CB-034,SKU-0021,1/14/2024,237,37,1/14/2024 4:01
INV-000206,CB-034,SKU-0065,2/28/2024,61,10,2/28/2024 18:19
INV-000207,CB-034,SKU-0065,1/5/2024,330,52,1/5/2024 19:28
INV-000208,CB-034,SKU-0038,2/15/2024,492,56,2/15/2024 14:17
INV-000209,CB-034,SKU-0009,1/21/2024,183,42,1/21/2024 6:22
INV-000210,CB-034,SKU-0054,3/8/2024,199,21,3/8/2024 20:09
INV-000211,CB-034,SKU-0054,2/15/2024,335,31,2/15/2024 14:45
INV-000212,CB-034,SKU-0054,1/18/2024,142,52,1/18/2024 9:59
INV-000213,CB-034,SKU-0064,1/9/2024,469,40,1/9/2024 12:30
INV-000214,CB-034,SKU-0064,3/18/2024,337,55,3/18/2024 16:49
INV-000215,CB-034,SKU-0062,3/8/2024,132,30,3/8/2024 18:37
INV-000216,CB-034,SKU-0062,2/14/2024,299,35,2/14/2024 2:02
INV-000217,CB-034,SKU-0062,1/4/2024,436,24,1/4/2024 3:42
INV-000218,CB-034,SKU-0050,3/4/2024,478,30,3/4/2024 7:49
INV-000219,CB-034,SKU-0027,1/31/2024,53,21,1/31/2024 23:57
INV-000220,CB-034,SKU-0027,2/19/2024,386,14,2/19/2024 1:39
INV-000221,CB-034,SKU-0027,2/2/2024,wala,38,2/2/2024 11:38
INV-000222,CB-034,SKU-0036,1/4/2024,472,16,1/4/2024 22:28
INV-000223,CB-034,SKU-0036,2/18/2024,68,46,2/18/2024 17:12
INV-000224,CB-034,SKU-0036,1/26/2024,129,53,1/26/2024 9:14
INV-000225,CB-034,SKU-0048,1/21/2024,222,60,1/21/2024 6:05
INV-000226,CB-034,SKU-0063,1/4/2024,322,16,1/4/2024 6:02
INV-000227,CB-034,SKU-0063,1/18/2024,null,46,1/18/2024 17:55
INV-000228,CB-034,SKU-0063,1/10/2024,174,56,1/10/2024 23:41
INV-000229,CB-034,SKU-0042,3/4/2024,97,46,3/4/2024 15:32
INV-000230,CB-034,SKU-0042,2/15/2024,182,45,2/15/2024 4:51
INV-000231,CB-034,SKU-0042,1/9/2024,224,34,1/9/2024 2:36
INV-000232,CB-022,SKU-0017,2/19/2024,360,20,2/19/2024 9:04
INV-000233,CB-022,SKU-0017,3/9/2024,294,43,3/9/2024 19:32
INV-000234,CB-022,SKU-0039,2/21/2024,wala,47,2/21/2024 15:59
INV-000235,CB-022,SKU-0039,2/3/2024,N/A,36,2/3/2024 8:12
INV-000236,CB-022,SKU-0007,1/8/2024,71,56,1/8/2024 10:59
INV-000237,CB-022,SKU-0007,3/25/2024,467,25,3/25/2024 15:04
INV-000238,CB-022,SKU-0008,3/19/2024,359,12,3/19/2024 11:04
INV-000239,CB-022,SKU-0008,2/23/2024,306,15,2/23/2024 17:30
INV-000240,CB-022,SKU-0008,1/17/2024,138,16,1/17/2024 1:31
INV-000241,CB-022,SKU-0032,1/29/2024,332,40,1/29/2024 9:50
INV-000242,CB-022,SKU-0032,1/30/2024,10,11,1/30/2024 6:34
INV-000243,CB-022,SKU-0032,3/18/2024,440,53,3/18/2024 23:01
INV-000244,CB-022,SKU-0015,3/2/2024,26,34,3/2/2024 22:08
INV-000245,CB-022,SKU-0015,2/25/2024,359,18,2/25/2024 3:28
INV-000246,CB-022,SKU-0015,1/16/2024,459,33,1/16/2024 11:12
INV-000247,CB-022,SKU-0004,2/25/2024,,15,2/25/2024 18:00
INV-000248,CB-022,SKU-0004,1/30/2024,211,60,1/30/2024 17:36
INV-000249,CB-022,SKU-0064,1/2/2024,447,13,1/2/2024 2:03
INV-000250,CB-022,SKU-0035,2/26/2024,92,30,2/26/2024 11:38
INV-000251,CB-022,SKU-0022,2/1/2024,149,35,2/1/2024 15:42
INV-000252,CB-022,SKU-0022,1/16/2024,N/A,44,1/16/2024 6:31
INV-000253,CB-022,SKU-0022,3/31/2024,376,24,3/31/2024 14:45
INV-000254,CB-022,SKU-0002,2/16/2024,399,51,2/16/2024 7:33
INV-000255,CB-022,SKU-0002,2/4/2024,163,42,2/4/2024 3:03
INV-000256,CB-022,SKU-0060,2/22/2024,361,41,2/22/2024 8:05
INV-000257,CB-022,SKU-0060,1/27/2024,466,43,1/27/2024 7:19
INV-000258,CB-022,SKU-0053,3/11/2024,107,56,3/11/2024 4:02
INV-000259,CB-022,SKU-0053,1/31/2024,357,58,1/31/2024 14:07
INV-000260,CB-022,SKU-0053,1/3/2024,255,27,1/3/2024 8:37
INV-000261,CB-022,SKU-0019,2/8/2024,423,13,2/8/2024 8:54
INV-000262,CB-022,SKU-0019,3/19/2024,196,34,3/19/2024 12:28
INV-000263,CB-047,SKU-0029,1/4/2024,465,31,1/4/2024 8:51
INV-000264,CB-047,SKU-0029,3/16/2024,110,31,3/16/2024 23:53
INV-000265,CB-047,SKU-0027,2/25/2024,443,56,2/25/2024 23:48
INV-000266,CB-047,SKU-0027,1/8/2024,null,56,1/8/2024 21:18
INV-000267,CB-047,SKU-0027,3/9/2024,237,56,3/9/2024 18:49
INV-000268,CB-047,SKU-0025,2/3/2024,83,39,2/3/2024 23:59
INV-000269,CB-047,SKU-0025,1/31/2024,67,27,1/31/2024 21:17
INV-000270,CB-047,SKU-0025,1/11/2024,127,28,1/11/2024 10:36
INV-000271,CB-047,SKU-0012,1/5/2024,315,27,1/5/2024 21:16
INV-000272,CB-047,SKU-0012,3/24/2024,414,10,3/24/2024 3:19
INV-000273,CB-047,SKU-0043,3/25/2024,164,21,3/25/2024 14:29
INV-000274,CB-047,SKU-0043,1/3/2024,wala,32,1/3/2024 15:40
INV-000275,CB-047,SKU-0043,3/12/2024,111,47,3/12/2024 2:17
INV-000276,CB-047,SKU-0028,3/11/2024,160,38,3/11/2024 5:16
INV-000277,CB-047,SKU-0028,2/5/2024,132,18,2/5/2024 7:40
INV-000278,CB-047,SKU-0028,1/23/2024,75,51,1/23/2024 1:14
INV-000279,CB-047,SKU-0035,3/24/2024,19,42,3/24/2024 14:37
INV-000280,CB-047,SKU-0004,1/6/2024,283,13,1/6/2024 22:16
INV-000281,CB-047,SKU-0004,2/2/2024,8,32,2/2/2024 17:45
INV-000282,CB-047,SKU-0061,3/17/2024,120,14,3/17/2024 16:28
INV-000283,CB-047,SKU-0020,3/6/2024,39,30,3/6/2024 18:23
INV-000284,CB-047,SKU-0003,2/23/2024,36,28,2/23/2024 4:01
INV-000285,CB-047,SKU-0003,2/11/2024,310,31,2/11/2024 13:57
INV-000286,CB-047,SKU-0003,3/24/2024,191,28,3/24/2024 19:01
INV-000287,CB-047,SKU-0059,2/17/2024,22,19,2/17/2024 18:01
INV-000288,CB-047,SKU-0049,3/18/2024,108,42,3/18/2024 22:49
INV-000289,CB-045,SKU-0045,2/26/2024,162,46,2/26/2024 9:58
INV-000290,CB-045,SKU-0045,2/1/2024,168,59,2/1/2024 11:14
INV-000291,CB-045,SKU-0045,2/28/2024,161,17,2/28/2024 22:15
INV-000292,CB-045,SKU-0028,2/22/2024,,42,2/22/2024 2:58
INV-000293,CB-045,SKU-0028,2/16/2024,334,24,2/16/2024 14:50
INV-000294,CB-045,SKU-0025,1/30/2024,291,18,1/30/2024 17:15
INV-000295,CB-045,SKU-0025,2/22/2024,345,18,2/22/2024 19:16
INV-000296,CB-045,SKU-0054,2/13/2024,null,36,2/13/2024 16:09
INV-000297,CB-045,SKU-0054,3/14/2024,253,59,3/14/2024 6:57
INV-000298,CB-045,SKU-0038,2/28/2024,7,36,2/28/2024 8:48
INV-000299,CB-045,SKU-0003,3/1/2024,wala,37,3/1/2024 0:44
INV-000300,CB-045,SKU-0003,1/22/2024,37,43,1/22/2024 12:57
INV-000301,CB-045,SKU-0003,2/24/2024,181,54,2/24/2024 17:15
INV-000302,CB-045,SKU-0043,2/7/2024,60,31,2/7/2024 18:38
INV-000303,CB-045,SKU-0043,3/19/2024,55,12,3/19/2024 2:47
INV-000304,CB-045,SKU-0043,2/15/2024,486,36,2/15/2024 20:28
INV-000305,CB-045,SKU-0047,2/25/2024,148,54,2/25/2024 4:46
INV-000306,CB-045,SKU-0047,1/24/2024,370,42,1/24/2024 2:09
INV-000307,CB-045,SKU-0047,1/1/2024,303,53,1/1/2024 20:29
INV-000308,CB-045,SKU-0010,2/11/2024,224,56,2/11/2024 18:17
INV-000309,CB-045,SKU-0010,1/13/2024,118,31,1/13/2024 1:36
INV-000310,CB-045,SKU-0063,3/8/2024,296,37,3/8/2024 9:20
INV-000311,CB-045,SKU-0063,2/19/2024,163,19,2/19/2024 1:52
INV-000312,CB-045,SKU-0063,1/27/2024,220,46,1/27/2024 19:20
INV-000313,CB-045,SKU-0049,2/14/2024,145,28,2/14/2024 8:31
INV-000314,CB-045,SKU-0042,1/29/2024,453,26,1/29/2024 19:48
INV-000315,CB-045,SKU-0042,1/14/2024,473,27,1/14/2024 4:06
INV-000316,CB-045,SKU-0006,3/11/2024,429,20,3/11/2024 0:38
INV-000317,CB-045,SKU-0005,3/10/2024,275,10,3/10/2024 15:53
INV-000318,CB-045,SKU-0015,2/17/2024,104,46,2/17/2024 13:46
INV-000319,CB-045,SKU-0037,3/7/2024,64,28,3/7/2024 3:45
INV-000320,CB-045,SKU-0037,3/31/2024,470,38,3/31/2024 13:31
INV-000321,CB-045,SKU-0033,1/12/2024,442,27,1/12/2024 23:42
INV-000322,CB-045,SKU-0033,1/15/2024,495,15,1/15/2024 23:50
INV-000323,CB-045,SKU-0050,1/10/2024,167,31,1/10/2024 8:29
INV-000324,CB-045,SKU-0041,3/6/2024,344,55,3/6/2024 22:20
INV-000325,CB-045,SKU-0041,1/5/2024,,30,1/5/2024 6:53
INV-000326,CB-045,SKU-0041,3/12/2024,338,50,3/12/2024 1:40
INV-000327,CB-045,SKU-0036,1/2/2024,125,34,1/2/2024 7:43
INV-000328,CB-045,SKU-0036,1/26/2024,135,41,1/26/2024 5:46
INV-000329,CB-045,SKU-0036,3/4/2024,144,50,3/4/2024 2:33
INV-000330,CB-045,SKU-0027,1/28/2024,1,41,1/28/2024 17:39
INV-000331,CB-045,SKU-0027,1/27/2024,363,36,1/27/2024 22:16
INV-000332,CB-045,SKU-0027,3/19/2024,194,25,3/19/2024 20:22
INV-000333,CB-045,SKU-0035,3/8/2024,336,29,3/8/2024 7:56
INV-000334,CB-045,SKU-0035,2/7/2024,342,60,2/7/2024 20:25
INV-000335,CB-045,SKU-0008,2/15/2024,278,16,2/15/2024 7:07
INV-000336,CB-045,SKU-0008,2/6/2024,214,30,2/6/2024 7:42
INV-000337,CB-045,SKU-0008,2/24/2024,59,30,2/24/2024 21:07
INV-000338,CB-045,SKU-0034,3/30/2024,203,59,3/30/2024 15:53
INV-000339,CB-045,SKU-0034,3/3/2024,307,25,3/3/2024 0:18
INV-000340,CB-045,SKU-0004,3/5/2024,110,60,3/5/2024 13:03
INV-000341,CB-045,SKU-0004,3/12/2024,395,53,3/12/2024 10:26
INV-000342,CB-045,SKU-0039,2/26/2024,217,13,2/26/2024 8:31
INV-000343,CB-045,SKU-0039,1/29/2024,173,12,1/29/2024 9:28
INV-000344,CB-045,SKU-0031,1/29/2024,293,44,1/29/2024 6:49
INV-000345,CB-045,SKU-0031,3/21/2024,56,49,3/21/2024 19:21
INV-000346,CB-045,SKU-0062,3/18/2024,wala,34,3/18/2024 2:49
INV-000347,CB-044,SKU-0046,2/1/2024,wala,58,2/1/2024 16:06
INV-000348,CB-044,SKU-0046,3/5/2024,203,12,3/5/2024 5:18
INV-000349,CB-044,SKU-0046,2/8/2024,12,59,2/8/2024 22:15
INV-000350,CB-044,SKU-0009,2/4/2024,383,60,2/4/2024 12:41
INV-000351,CB-044,SKU-0042,1/17/2024,418,27,1/17/2024 2:04
INV-000352,CB-044,SKU-0042,1/10/2024,258,58,1/10/2024 23:26
INV-000353,CB-044,SKU-0004,1/2/2024,380,48,1/2/2024 4:06
INV-000354,CB-044,SKU-0034,3/16/2024,405,48,3/16/2024 9:50
INV-000355,CB-044,SKU-0034,2/11/2024,217,11,2/11/2024 9:17
INV-000356,CB-044,SKU-0034,2/28/2024,,40,2/28/2024 12:18
INV-000357,CB-044,SKU-0014,1/12/2024,113,45,1/12/2024 8:30
INV-000358,CB-044,SKU-0014,2/6/2024,464,42,2/6/2024 7:24
INV-000359,CB-044,SKU-0024,3/4/2024,372,33,3/4/2024 17:45
INV-000360,CB-044,SKU-0035,2/27/2024,114,11,2/27/2024 12:49
INV-000361,CB-044,SKU-0013,2/27/2024,189,16,2/27/2024 20:19
INV-000362,CB-044,SKU-0011,1/19/2024,414,15,1/19/2024 3:35
INV-000363,CB-044,SKU-0011,1/22/2024,106,41,1/22/2024 18:15
INV-000364,CB-044,SKU-0054,1/19/2024,206,40,1/19/2024 16:46
INV-000365,CB-044,SKU-0058,1/30/2024,30,26,1/30/2024 13:19
INV-000366,CB-044,SKU-0058,2/13/2024,427,30,2/13/2024 22:36
INV-000367,CB-044,SKU-0058,3/17/2024,208,27,3/17/2024 22:13
INV-000368,CB-044,SKU-0026,3/3/2024,279,51,3/3/2024 7:20
INV-000369,CB-044,SKU-0026,2/29/2024,362,45,2/29/2024 23:46
INV-000370,CB-044,SKU-0026,1/11/2024,wala,34,1/11/2024 4:48
INV-000371,CB-044,SKU-0065,1/21/2024,266,20,1/21/2024 6:28
INV-000372,CB-044,SKU-0015,1/5/2024,453,20,1/5/2024 20:51
INV-000373,CB-044,SKU-0019,3/3/2024,71,45,3/3/2024 13:25
INV-000374,CB-044,SKU-0019,1/2/2024,N/A,56,1/2/2024 21:17
INV-000375,CB-044,SKU-0019,3/7/2024,165,33,3/7/2024 18:41
INV-000376,CB-044,SKU-0056,1/19/2024,148,23,1/19/2024 19:45
INV-000377,CB-044,SKU-0059,3/7/2024,309,39,3/7/2024 6:59
INV-000378,CB-044,SKU-0059,2/12/2024,474,18,2/12/2024 5:33
INV-000379,CB-044,SKU-0022,3/1/2024,5,21,3/1/2024 4:30
INV-000380,CB-044,SKU-0022,1/9/2024,,22,1/9/2024 22:06
INV-000381,CB-044,SKU-0022,3/9/2024,234,13,3/9/2024 19:29
INV-000382,CB-044,SKU-0027,1/21/2024,34,45,1/21/2024 7:22
INV-000383,CB-044,SKU-0027,3/21/2024,7,27,3/21/2024 9:52
INV-000384,CB-044,SKU-0027,2/24/2024,299,33,2/24/2024 19:49
INV-000385,CB-044,SKU-0060,2/2/2024,287,52,2/2/2024 6:04
INV-000386,CB-044,SKU-0060,3/16/2024,,27,3/16/2024 5:16
INV-000387,CB-044,SKU-0036,1/14/2024,64,47,1/14/2024 20:49
INV-000388,CB-044,SKU-0036,2/19/2024,169,47,2/19/2024 19:17
INV-000389,CB-044,SKU-0036,3/19/2024,342,23,3/19/2024 5:00
INV-000390,CB-046,SKU-0028,2/11/2024,154,17,2/11/2024 7:35
INV-000391,CB-046,SKU-0028,2/20/2024,193,55,2/20/2024 15:22
INV-000392,CB-046,SKU-0012,3/7/2024,162,48,3/7/2024 6:10
INV-000393,CB-046,SKU-0012,3/22/2024,426,19,3/22/2024 13:35
INV-000394,CB-046,SKU-0060,3/3/2024,355,53,3/3/2024 3:35
INV-000395,CB-046,SKU-0060,2/25/2024,333,11,2/25/2024 11:54
INV-000396,CB-046,SKU-0052,3/26/2024,177,23,3/26/2024 19:35
INV-000397,CB-046,SKU-0052,1/25/2024,195,57,1/25/2024 0:12
INV-000398,CB-046,SKU-0040,2/16/2024,269,47,2/16/2024 9:21
INV-000399,CB-046,SKU-0040,1/13/2024,466,26,1/13/2024 16:58
INV-000400,CB-046,SKU-0010,3/18/2024,N/A,51,3/18/2024 15:25
INV-000401,CB-046,SKU-0063,3/30/2024,360,50,3/30/2024 1:36
INV-000402,CB-046,SKU-0011,3/1/2024,311,41,3/1/2024 5:30
INV-000403,CB-046,SKU-0031,3/23/2024,384,16,3/23/2024 1:23
INV-000404,CB-046,SKU-0031,1/4/2024,313,19,1/4/2024 22:47
INV-000405,CB-046,SKU-0031,1/23/2024,445,15,1/23/2024 13:53
INV-000406,CB-046,SKU-0056,1/8/2024,227,13,1/8/2024 10:06
INV-000407,CB-046,SKU-0001,2/5/2024,436,49,2/5/2024 23:01
INV-000408,CB-046,SKU-0001,2/12/2024,428,30,2/12/2024 22:10
INV-000409,CB-046,SKU-0001,3/16/2024,369,43,3/16/2024 0:42
INV-000410,CB-046,SKU-0021,2/23/2024,428,13,2/23/2024 2:12
INV-000411,CB-046,SKU-0021,3/5/2024,75,15,3/5/2024 5:28
INV-000412,CB-046,SKU-0005,2/5/2024,311,42,2/5/2024 13:11
INV-000413,CB-046,SKU-0004,1/1/2024,159,32,1/1/2024 3:21
INV-000414,CB-046,SKU-0004,2/29/2024,290,15,2/29/2024 18:59
INV-000415,CB-046,SKU-0004,2/29/2024,wala,21,2/29/2024 23:05
INV-000416,CB-046,SKU-0009,2/10/2024,302,11,2/10/2024 5:50
INV-000417,CB-046,SKU-0033,1/28/2024,326,15,1/28/2024 23:15
INV-000418,CB-046,SKU-0029,3/28/2024,328,22,3/28/2024 23:48
INV-000419,CB-046,SKU-0029,1/17/2024,N/A,21,1/17/2024 8:08
INV-000420,CB-046,SKU-0065,2/10/2024,211,22,2/10/2024 8:56
INV-000421,CB-046,SKU-0065,1/26/2024,90,26,1/26/2024 22:28
INV-000422,CB-046,SKU-0065,2/3/2024,47,47,2/3/2024 11:22
INV-000423,CB-046,SKU-0043,3/7/2024,230,53,3/7/2024 5:02
INV-000424,CB-046,SKU-0043,3/15/2024,197,46,3/15/2024 6:44
INV-000425,CB-046,SKU-0043,2/25/2024,177,53,2/25/2024 9:13
INV-000426,CB-020,SKU-0065,2/18/2024,337,12,2/18/2024 10:44
INV-000427,CB-020,SKU-0065,1/14/2024,322,10,1/14/2024 5:26
INV-000428,CB-020,SKU-0065,3/1/2024,171,16,3/1/2024 5:58
INV-000429,CB-020,SKU-0035,2/9/2024,83,21,2/9/2024 0:28
INV-000430,CB-020,SKU-0035,3/19/2024,233,54,3/19/2024 13:46
INV-000431,CB-020,SKU-0006,3/1/2024,427,56,3/1/2024 11:38
INV-000432,CB-020,SKU-0006,2/13/2024,247,29,2/13/2024 1:59
INV-000433,CB-020,SKU-0033,3/5/2024,55,59,3/5/2024 8:36
INV-000434,CB-020,SKU-0050,3/16/2024,14,20,3/16/2024 9:56
INV-000435,CB-020,SKU-0050,3/17/2024,494,43,3/17/2024 6:36
INV-000436,CB-020,SKU-0014,1/17/2024,339,13,1/17/2024 2:19
INV-000437,CB-020,SKU-0017,2/14/2024,234,39,2/14/2024 0:42
INV-000438,CB-020,SKU-0060,1/26/2024,452,29,1/26/2024 2:11
INV-000439,CB-020,SKU-0030,1/27/2024,,19,1/27/2024 21:35
INV-000440,CB-020,SKU-0059,1/1/2024,244,16,1/1/2024 15:35
INV-000441,CB-020,SKU-0059,3/28/2024,201,40,3/28/2024 21:24
INV-000442,CB-020,SKU-0003,3/31/2024,124,16,3/31/2024 12:08
INV-000443,CB-020,SKU-0003,2/10/2024,390,35,2/10/2024 10:57
INV-000444,CB-020,SKU-0008,3/27/2024,373,48,3/27/2024 12:34
INV-000445,CB-020,SKU-0008,1/10/2024,177,57,1/10/2024 18:01
INV-000446,CB-020,SKU-0034,3/18/2024,91,33,3/18/2024 11:21
INV-000447,CB-020,SKU-0043,1/1/2024,312,35,1/1/2024 2:41
INV-000448,CB-020,SKU-0043,1/30/2024,70,12,1/30/2024 6:19
INV-000449,CB-020,SKU-0043,2/25/2024,47,51,2/25/2024 5:27
INV-000450,CB-020,SKU-0041,2/6/2024,159,40,2/6/2024 1:16
INV-000451,CB-020,SKU-0012,1/23/2024,83,43,1/23/2024 3:29
INV-000452,CB-020,SKU-0012,1/11/2024,177,16,1/11/2024 20:55
INV-000453,CB-020,SKU-0031,1/2/2024,82,46,1/2/2024 16:24
INV-000454,CB-020,SKU-0031,3/28/2024,null,37,3/28/2024 1:19
INV-000455,CB-020,SKU-0009,2/3/2024,379,48,2/3/2024 14:32
INV-000456,CB-020,SKU-0009,2/17/2024,399,31,2/17/2024 17:23
INV-000457,CB-020,SKU-0057,1/23/2024,217,34,1/23/2024 21:05
INV-000458,CB-020,SKU-0038,1/1/2024,172,55,1/1/2024 18:16
INV-000459,CB-020,SKU-0021,3/6/2024,416,39,3/6/2024 13:03
INV-000460,CB-020,SKU-0024,2/6/2024,20,41,2/6/2024 14:23
INV-000461,CB-020,SKU-0024,1/7/2024,455,33,1/7/2024 8:27
INV-000462,CB-019,SKU-0038,1/11/2024,,50,1/11/2024 15:27
INV-000463,CB-019,SKU-0004,2/14/2024,497,49,2/14/2024 7:58
INV-000464,CB-019,SKU-0004,3/8/2024,291,14,3/8/2024 10:23
INV-000465,CB-019,SKU-0035,1/19/2024,311,50,1/19/2024 3:24
INV-000466,CB-019,SKU-0018,1/11/2024,172,57,1/11/2024 9:27
INV-000467,CB-019,SKU-0018,2/21/2024,11,57,2/21/2024 8:46
INV-000468,CB-019,SKU-0018,3/24/2024,380,37,3/24/2024 3:50
INV-000469,CB-019,SKU-0012,3/14/2024,133,49,3/14/2024 16:34
INV-000470,CB-019,SKU-0019,3/29/2024,,40,3/29/2024 6:48
INV-000471,CB-019,SKU-0023,2/5/2024,382,21,2/5/2024 8:32
INV-000472,CB-019,SKU-0023,3/26/2024,23,21,3/26/2024 21:18
INV-000473,CB-019,SKU-0027,1/1/2024,208,60,1/1/2024 13:42
INV-000474,CB-019,SKU-0027,1/17/2024,140,48,1/17/2024 20:20
INV-000475,CB-019,SKU-0002,1/29/2024,N/A,24,1/29/2024 2:39
INV-000476,CB-019,SKU-0029,3/18/2024,423,36,3/18/2024 20:38
INV-000477,CB-019,SKU-0029,2/12/2024,277,45,2/12/2024 0:21
INV-000478,CB-019,SKU-0021,2/10/2024,177,19,2/10/2024 14:54
INV-000479,CB-019,SKU-0021,3/4/2024,107,20,3/4/2024 21:24
INV-000480,CB-019,SKU-0020,2/21/2024,16,46,2/21/2024 2:40
INV-000481,CB-019,SKU-0020,3/3/2024,287,15,3/3/2024 6:47
INV-000482,CB-019,SKU-0041,2/17/2024,155,30,2/17/2024 14:43
INV-000483,CB-019,SKU-0041,2/29/2024,15,47,2/29/2024 5:39
INV-000484,CB-019,SKU-0041,2/15/2024,289,58,2/15/2024 0:48
INV-000485,CB-019,SKU-0003,3/12/2024,380,25,3/12/2024 12:58
INV-000486,CB-019,SKU-0003,3/9/2024,67,17,3/9/2024 3:25
INV-000487,CB-019,SKU-0039,1/28/2024,56,21,1/28/2024 5:49
INV-000488,CB-019,SKU-0008,2/21/2024,281,58,2/21/2024 6:26
INV-000489,CB-019,SKU-0008,3/17/2024,142,33,3/17/2024 20:06
INV-000490,CB-019,SKU-0008,3/26/2024,452,50,3/26/2024 20:20
INV-000491,CB-019,SKU-0059,3/9/2024,272,35,3/9/2024 15:48
INV-000492,CB-019,SKU-0059,2/29/2024,146,38,2/29/2024 5:59
INV-000493,CB-019,SKU-0059,1/23/2024,204,44,1/23/2024 10:48
INV-000494,CB-019,SKU-0047,3/24/2024,88,16,3/24/2024 12:37
INV-000495,CB-019,SKU-0047,3/24/2024,214,36,3/24/2024 6:40
INV-000496,CB-019,SKU-0052,3/20/2024,114,49,3/20/2024 16:05
INV-000497,CB-019,SKU-0063,3/14/2024,374,11,3/14/2024 10:39
INV-000498,CB-019,SKU-0063,2/1/2024,85,40,2/1/2024 21:05
INV-000499,CB-019,SKU-0063,2/17/2024,11,60,2/17/2024 20:24
INV-000500,CB-019,SKU-0026,3/6/2024,442,20,3/6/2024 14:23
INV-000501,CB-019,SKU-0026,1/31/2024,89,55,1/31/2024 6:20
INV-000502,CB-019,SKU-0026,1/17/2024,wala,23,1/17/2024 18:29
INV-000503,CB-019,SKU-0016,2/1/2024,350,25,2/1/2024 5:29
INV-000504,CB-019,SKU-0016,3/5/2024,,31,3/5/2024 5:15
INV-000505,CB-023,SKU-0009,2/20/2024,424,59,2/20/2024 1:23
INV-000506,CB-023,SKU-0009,2/21/2024,366,50,2/21/2024 20:28
INV-000507,CB-023,SKU-0001,1/16/2024,53,26,1/16/2024 18:48
INV-000508,CB-023,SKU-0001,1/15/2024,369,36,1/15/2024 21:21
INV-000509,CB-023,SKU-0048,2/1/2024,407,26,2/1/2024 3:21
INV-000510,CB-023,SKU-0003,3/29/2024,37,55,3/29/2024 15:48
INV-000511,CB-023,SKU-0003,2/1/2024,387,28,2/1/2024 22:28
INV-000512,CB-023,SKU-0003,2/12/2024,403,26,2/12/2024 18:17
INV-000513,CB-023,SKU-0044,1/5/2024,389,43,1/5/2024 9:01
INV-000514,CB-023,SKU-0044,1/29/2024,450,33,1/29/2024 22:18
INV-000515,CB-023,SKU-0044,2/9/2024,483,46,2/9/2024 20:19
INV-000516,CB-023,SKU-0061,2/26/2024,344,57,2/26/2024 22:08
INV-000517,CB-023,SKU-0061,1/19/2024,311,34,1/19/2024 8:40
INV-000518,CB-023,SKU-0027,1/4/2024,435,29,1/4/2024 4:37
INV-000519,CB-023,SKU-0056,2/3/2024,186,57,2/3/2024 16:25
INV-000520,CB-023,SKU-0034,3/20/2024,460,32,3/20/2024 20:09
INV-000521,CB-023,SKU-0034,3/16/2024,436,43,3/16/2024 11:24
INV-000522,CB-023,SKU-0031,3/23/2024,86,40,3/23/2024 5:30
INV-000523,CB-023,SKU-0031,2/18/2024,7,14,2/18/2024 10:14
INV-000524,CB-023,SKU-0025,1/27/2024,114,48,1/27/2024 23:50
INV-000525,CB-023,SKU-0025,1/16/2024,332,41,1/16/2024 14:36
INV-000526,CB-023,SKU-0005,1/2/2024,430,60,1/2/2024 16:57
INV-000527,CB-023,SKU-0005,1/30/2024,379,52,1/30/2024 1:25
INV-000528,CB-023,SKU-0005,3/21/2024,50,42,3/21/2024 2:17
INV-000529,CB-023,SKU-0051,3/9/2024,433,15,3/9/2024 1:28
INV-000530,CB-023,SKU-0051,3/13/2024,267,26,3/13/2024 23:11
INV-000531,CB-023,SKU-0051,3/29/2024,479,25,3/29/2024 7:44
INV-000532,CB-023,SKU-0059,2/28/2024,,27,2/28/2024 17:17
INV-000533,CB-023,SKU-0059,1/12/2024,380,14,1/12/2024 4:33
INV-000534,CB-023,SKU-0059,2/8/2024,31,25,2/8/2024 18:48
INV-000535,CB-023,SKU-0017,3/2/2024,wala,30,3/2/2024 20:04
INV-000536,CB-023,SKU-0017,1/26/2024,wala,40,1/26/2024 6:06
INV-000537,CB-023,SKU-0017,3/10/2024,301,41,3/10/2024 9:36
INV-000538,CB-023,SKU-0046,3/15/2024,220,17,3/15/2024 23:56
INV-000539,CB-023,SKU-0035,3/23/2024,99,50,3/23/2024 19:48
INV-000540,CB-023,SKU-0035,2/28/2024,0,36,2/28/2024 19:17
INV-000541,CB-023,SKU-0008,3/21/2024,90,40,3/21/2024 16:18
INV-000542,CB-023,SKU-0008,3/23/2024,153,44,3/23/2024 7:21
INV-000543,CB-023,SKU-0050,3/27/2024,287,50,3/27/2024 14:07
INV-000544,CB-023,SKU-0050,1/24/2024,,40,1/24/2024 15:10
INV-000545,CB-023,SKU-0039,1/9/2024,389,29,1/9/2024 3:59
INV-000546,CB-023,SKU-0042,2/13/2024,326,21,2/13/2024 6:49
INV-000547,CB-023,SKU-0042,1/14/2024,390,29,1/14/2024 16:19
INV-000548,CB-023,SKU-0049,3/8/2024,N/A,49,3/8/2024 6:36
INV-000549,CB-023,SKU-0049,3/27/2024,79,22,3/27/2024 12:50
INV-000550,CB-023,SKU-0002,1/21/2024,312,30,1/21/2024 16:30
INV-000551,CB-023,SKU-0029,3/17/2024,403,56,3/17/2024 8:14
INV-000552,CB-023,SKU-0029,2/3/2024,241,29,2/3/2024 11:09
INV-000553,CB-023,SKU-0029,2/9/2024,170,57,2/9/2024 10:28
INV-000554,CB-023,SKU-0058,2/24/2024,288,36,2/24/2024 0:48
INV-000555,CB-023,SKU-0058,2/21/2024,28,32,2/21/2024 20:51
INV-000556,CB-023,SKU-0004,2/28/2024,392,55,2/28/2024 6:13
INV-000557,CB-007,SKU-0038,1/21/2024,166,56,1/21/2024 18:30
INV-000558,CB-007,SKU-0048,3/25/2024,199,55,3/25/2024 15:15
INV-000559,CB-007,SKU-0002,3/18/2024,300,16,3/18/2024 1:40
INV-000560,CB-007,SKU-0002,2/13/2024,141,38,2/13/2024 9:07
INV-000561,CB-007,SKU-0021,1/18/2024,450,30,1/18/2024 23:26
INV-000562,CB-007,SKU-0021,1/20/2024,447,29,1/20/2024 18:12
INV-000563,CB-007,SKU-0028,1/12/2024,224,46,1/12/2024 17:48
INV-000564,CB-007,SKU-0028,3/25/2024,133,28,3/25/2024 22:01
INV-000565,CB-007,SKU-0028,1/18/2024,395,60,1/18/2024 22:45
INV-000566,CB-007,SKU-0051,2/10/2024,490,59,2/10/2024 14:47
INV-000567,CB-007,SKU-0051,1/28/2024,94,24,1/28/2024 14:23
INV-000568,CB-007,SKU-0051,2/12/2024,101,55,2/12/2024 8:16
INV-000569,CB-007,SKU-0025,1/3/2024,null,37,1/3/2024 12:51
INV-000570,CB-007,SKU-0025,3/3/2024,,13,3/3/2024 16:23
INV-000571,CB-007,SKU-0025,1/3/2024,289,12,1/3/2024 16:55
INV-000572,CB-007,SKU-0062,3/9/2024,251,31,3/9/2024 20:04
INV-000573,CB-007,SKU-0062,1/10/2024,,59,1/10/2024 3:34
INV-000574,CB-007,SKU-0036,3/6/2024,433,46,3/6/2024 14:39
INV-000575,CB-007,SKU-0057,1/25/2024,null,27,1/25/2024 14:28
INV-000576,CB-007,SKU-0057,1/20/2024,333,21,1/20/2024 20:36
INV-000577,CB-007,SKU-0057,2/13/2024,232,54,2/13/2024 23:52
INV-000578,CB-007,SKU-0064,1/3/2024,205,10,1/3/2024 19:53
INV-000579,CB-007,SKU-0064,2/19/2024,N/A,37,2/19/2024 4:16
INV-000580,CB-007,SKU-0013,3/15/2024,345,44,3/15/2024 14:41
INV-000581,CB-007,SKU-0052,1/26/2024,394,32,1/26/2024 22:55
INV-000582,CB-007,SKU-0052,3/14/2024,78,19,3/14/2024 6:19
INV-000583,CB-007,SKU-0052,1/24/2024,,12,1/24/2024 4:34
INV-000584,CB-007,SKU-0014,1/9/2024,167,24,1/9/2024 21:13
INV-000585,CB-007,SKU-0014,1/26/2024,155,27,1/26/2024 7:59
INV-000586,CB-007,SKU-0040,2/15/2024,13,38,2/15/2024 3:53
INV-000587,CB-007,SKU-0033,1/4/2024,227,57,1/4/2024 6:24
INV-000588,CB-007,SKU-0033,1/7/2024,228,22,1/7/2024 6:49
INV-000589,CB-007,SKU-0029,3/16/2024,417,21,3/16/2024 16:58
INV-000590,CB-007,SKU-0029,3/15/2024,370,20,3/15/2024 6:07
INV-000591,CB-007,SKU-0018,3/18/2024,183,30,3/18/2024 13:12
INV-000592,CB-007,SKU-0018,1/27/2024,46,33,1/27/2024 15:16
INV-000593,CB-007,SKU-0007,1/15/2024,483,10,1/15/2024 12:51
INV-000594,CB-007,SKU-0007,2/23/2024,204,16,2/23/2024 11:23
INV-000595,CB-007,SKU-0007,2/9/2024,N/A,24,2/9/2024 22:05
INV-000596,CB-007,SKU-0005,3/23/2024,414,40,3/23/2024 0:17
INV-000597,CB-007,SKU-0005,3/23/2024,459,19,3/23/2024 7:11
INV-000598,CB-007,SKU-0005,3/13/2024,4,19,3/13/2024 4:44
INV-000599,CB-018,SKU-0005,2/21/2024,320,26,2/21/2024 19:20
INV-000600,CB-018,SKU-0005,1/4/2024,wala,40,1/4/2024 1:47
INV-000601,CB-018,SKU-0008,2/22/2024,23,58,2/22/2024 19:46
INV-000602,CB-018,SKU-0039,1/22/2024,N/A,24,1/22/2024 2:26
INV-000603,CB-018,SKU-0039,1/9/2024,57,39,1/9/2024 13:54
INV-000604,CB-018,SKU-0039,3/9/2024,225,48,3/9/2024 20:00
INV-000605,CB-018,SKU-0052,3/1/2024,240,26,3/1/2024 4:20
INV-000606,CB-018,SKU-0052,3/25/2024,276,49,3/25/2024 21:45
INV-000607,CB-018,SKU-0014,3/2/2024,252,46,3/2/2024 6:08
INV-000608,CB-018,SKU-0056,3/6/2024,66,19,3/6/2024 7:42
INV-000609,CB-018,SKU-0048,1/13/2024,367,49,1/13/2024 3:15
INV-000610,CB-018,SKU-0043,2/2/2024,94,29,2/2/2024 10:45
INV-000611,CB-018,SKU-0019,3/26/2024,302,46,3/26/2024 8:48
INV-000612,CB-018,SKU-0019,1/17/2024,167,52,1/17/2024 4:37
INV-000613,CB-018,SKU-0024,1/5/2024,382,34,1/5/2024 20:03
INV-000614,CB-018,SKU-0024,1/26/2024,wala,60,1/26/2024 7:10
INV-000615,CB-018,SKU-0024,2/20/2024,null,40,2/20/2024 11:12
INV-000616,CB-018,SKU-0040,3/14/2024,207,23,3/14/2024 14:39
INV-000617,CB-018,SKU-0040,2/3/2024,279,57,2/3/2024 8:41
INV-000618,CB-018,SKU-0040,3/6/2024,473,21,3/6/2024 8:21
INV-000619,CB-018,SKU-0027,3/11/2024,233,52,3/11/2024 10:48
INV-000620,CB-018,SKU-0027,3/7/2024,N/A,37,3/7/2024 20:01
INV-000621,CB-018,SKU-0053,1/17/2024,48,39,1/17/2024 3:07
INV-000622,CB-018,SKU-0053,3/11/2024,364,32,3/11/2024 9:28
INV-000623,CB-018,SKU-0053,2/25/2024,283,15,2/25/2024 16:11
INV-000624,CB-018,SKU-0011,3/6/2024,99,53,3/6/2024 7:49
INV-000625,CB-018,SKU-0011,1/3/2024,101,32,1/3/2024 16:38
INV-000626,CB-018,SKU-0054,3/13/2024,440,13,3/13/2024 17:23
INV-000627,CB-018,SKU-0012,1/30/2024,355,43,1/30/2024 5:23
INV-000628,CB-018,SKU-0012,1/21/2024,51,50,1/21/2024 20:54
INV-000629,CB-018,SKU-0012,3/20/2024,115,58,3/20/2024 22:09
INV-000630,CB-018,SKU-0050,3/19/2024,217,27,3/19/2024 1:25
INV-000631,CB-018,SKU-0050,2/7/2024,199,36,2/7/2024 15:29
INV-000632,CB-018,SKU-0050,2/11/2024,69,29,2/11/2024 0:04
INV-000633,CB-018,SKU-0034,3/31/2024,284,23,3/31/2024 23:39
INV-000634,CB-018,SKU-0034,3/17/2024,null,18,3/17/2024 4:30
INV-000635,CB-018,SKU-0010,2/1/2024,200,51,2/1/2024 13:25
INV-000636,CB-018,SKU-0058,1/25/2024,127,14,1/25/2024 7:17
INV-000637,CB-018,SKU-0058,1/18/2024,457,56,1/18/2024 23:37
INV-000638,CB-018,SKU-0058,3/27/2024,77,19,3/27/2024 21:17
INV-000639,CB-018,SKU-0049,1/2/2024,N/A,43,1/2/2024 3:49
INV-000640,CB-018,SKU-0049,3/21/2024,306,52,3/21/2024 14:19
INV-000641,CB-018,SKU-0060,3/10/2024,380,19,3/10/2024 2:56
INV-000642,CB-018,SKU-0064,2/13/2024,448,12,2/13/2024 12:53
INV-000643,CB-018,SKU-0064,2/2/2024,57,37,2/2/2024 18:10
INV-000644,CB-018,SKU-0064,3/31/2024,354,41,3/31/2024 9:14
INV-000645,CB-018,SKU-0062,1/14/2024,45,48,1/14/2024 19:55
INV-000646,CB-018,SKU-0062,2/16/2024,123,52,2/16/2024 15:53
INV-000647,CB-018,SKU-0062,3/30/2024,493,13,3/30/2024 20:06
INV-000648,CB-018,SKU-0002,2/5/2024,463,42,2/5/2024 10:26
INV-000649,CB-018,SKU-0002,3/26/2024,428,32,3/26/2024 2:00
INV-000650,CB-018,SKU-0032,3/3/2024,124,24,3/3/2024 18:27
INV-000651,CB-018,SKU-0061,2/4/2024,53,55,2/4/2024 15:35
INV-000652,CB-018,SKU-0061,3/18/2024,428,48,3/18/2024 16:55
INV-000653,CB-018,SKU-0061,3/26/2024,wala,47,3/26/2024 20:06
INV-000654,CB-032,SKU-0016,2/26/2024,436,43,2/26/2024 1:25
INV-000655,CB-032,SKU-0016,3/21/2024,381,52,3/21/2024 0:13
INV-000656,CB-032,SKU-0016,3/13/2024,N/A,16,3/13/2024 9:58
INV-000657,CB-032,SKU-0031,1/4/2024,373,26,1/4/2024 11:52
INV-000658,CB-032,SKU-0031,3/28/2024,176,25,3/28/2024 8:28
INV-000659,CB-032,SKU-0024,2/11/2024,234,50,2/11/2024 8:49
INV-000660,CB-032,SKU-0038,1/27/2024,285,45,1/27/2024 20:20
INV-000661,CB-032,SKU-0044,2/21/2024,385,21,2/21/2024 15:54
INV-000662,CB-032,SKU-0044,1/12/2024,170,44,1/12/2024 23:51
INV-000663,CB-032,SKU-0044,1/30/2024,162,16,1/30/2024 23:05
INV-000664,CB-032,SKU-0046,2/21/2024,160,50,2/21/2024 5:48
INV-000665,CB-032,SKU-0046,2/18/2024,103,55,2/18/2024 15:22
INV-000666,CB-032,SKU-0046,2/13/2024,412,33,2/13/2024 5:10
INV-000667,CB-032,SKU-0058,1/3/2024,57,29,1/3/2024 16:44
INV-000668,CB-032,SKU-0058,3/23/2024,286,45,3/23/2024 17:11
INV-000669,CB-032,SKU-0039,3/20/2024,wala,15,3/20/2024 22:38
INV-000670,CB-032,SKU-0039,3/25/2024,207,19,3/25/2024 22:21
INV-000671,CB-032,SKU-0027,2/15/2024,203,34,2/15/2024 3:54
INV-000672,CB-032,SKU-0027,2/7/2024,314,15,2/7/2024 10:14
INV-000673,CB-032,SKU-0027,2/26/2024,,19,2/26/2024 21:17
INV-000674,CB-032,SKU-0053,3/4/2024,114,24,3/4/2024 7:56
INV-000675,CB-032,SKU-0026,2/26/2024,331,19,2/26/2024 0:18
INV-000676,CB-032,SKU-0060,1/3/2024,439,38,1/3/2024 13:35
INV-000677,CB-032,SKU-0048,3/13/2024,98,43,3/13/2024 18:25
INV-000678,CB-032,SKU-0048,3/21/2024,294,34,3/21/2024 23:16
INV-000679,CB-032,SKU-0048,3/31/2024,407,26,3/31/2024 13:23
INV-000680,CB-032,SKU-0003,1/31/2024,163,14,1/31/2024 22:08
INV-000681,CB-032,SKU-0003,2/11/2024,440,54,2/11/2024 7:50
INV-000682,CB-032,SKU-0023,3/15/2024,,55,3/15/2024 15:34
INV-000683,CB-032,SKU-0023,2/10/2024,53,48,2/10/2024 7:46
INV-000684,CB-032,SKU-0023,2/14/2024,367,45,2/14/2024 7:29
INV-000685,CB-042,SKU-0007,2/15/2024,33,27,2/15/2024 18:16
INV-000686,CB-042,SKU-0007,1/4/2024,365,37,1/4/2024 22:48
INV-000687,CB-042,SKU-0007,1/18/2024,202,38,1/18/2024 9:34
INV-000688,CB-042,SKU-0059,3/27/2024,155,46,3/27/2024 16:26
INV-000689,CB-042,SKU-0059,1/19/2024,392,53,1/19/2024 18:20
INV-000690,CB-042,SKU-0059,1/1/2024,497,55,1/1/2024 11:37
INV-000691,CB-042,SKU-0040,1/10/2024,null,56,1/10/2024 5:46
INV-000692,CB-042,SKU-0029,2/1/2024,307,21,2/1/2024 5:01
INV-000693,CB-042,SKU-0032,3/4/2024,wala,16,3/4/2024 12:36
INV-000694,CB-042,SKU-0032,3/30/2024,485,36,3/30/2024 12:44
INV-000695,CB-042,SKU-0032,3/1/2024,70,21,3/1/2024 3:19
INV-000696,CB-042,SKU-0038,1/23/2024,362,26,1/23/2024 15:05
INV-000697,CB-042,SKU-0038,1/24/2024,133,24,1/24/2024 11:41
INV-000698,CB-042,SKU-0028,1/11/2024,173,16,1/11/2024 16:16
INV-000699,CB-042,SKU-0028,1/3/2024,450,45,1/3/2024 1:43
INV-000700,CB-042,SKU-0028,2/17/2024,48,43,2/17/2024 0:00
INV-000701,CB-042,SKU-0005,2/19/2024,,46,2/19/2024 11:54
INV-000702,CB-042,SKU-0005,1/9/2024,489,50,1/9/2024 19:31
INV-000703,CB-042,SKU-0011,3/9/2024,111,16,3/9/2024 21:58
INV-000704,CB-042,SKU-0002,3/17/2024,191,38,3/17/2024 22:54
INV-000705,CB-042,SKU-0036,3/5/2024,76,38,3/5/2024 0:39
INV-000706,CB-042,SKU-0062,3/9/2024,454,17,3/9/2024 9:59
INV-000707,CB-042,SKU-0055,1/14/2024,178,47,1/14/2024 16:10
INV-000708,CB-042,SKU-0055,1/13/2024,254,19,1/13/2024 19:58
INV-000709,CB-042,SKU-0042,2/28/2024,475,34,2/28/2024 14:07
INV-000710,CB-042,SKU-0042,3/26/2024,,33,3/26/2024 4:15
INV-000711,CB-042,SKU-0004,1/25/2024,406,32,1/25/2024 1:58
INV-000712,CB-042,SKU-0004,3/2/2024,415,52,3/2/2024 22:48
INV-000713,CB-042,SKU-0023,1/13/2024,434,52,1/13/2024 20:20
INV-000714,CB-042,SKU-0023,3/8/2024,288,44,3/8/2024 16:25
INV-000715,CB-042,SKU-0023,3/10/2024,329,30,3/10/2024 4:28
INV-000716,CB-042,SKU-0031,2/7/2024,483,35,2/7/2024 13:24
INV-000717,CB-042,SKU-0046,3/3/2024,12,30,3/3/2024 17:30
INV-000718,CB-042,SKU-0010,2/19/2024,156,60,2/19/2024 9:49
INV-000719,CB-042,SKU-0010,3/28/2024,wala,22,3/28/2024 2:19
INV-000720,CB-042,SKU-0010,3/16/2024,382,44,3/16/2024 5:41
INV-000721,CB-042,SKU-0058,1/7/2024,N/A,34,1/7/2024 6:22
INV-000722,CB-042,SKU-0058,3/9/2024,26,53,3/9/2024 13:47
INV-000723,CB-040,SKU-0023,3/25/2024,416,31,3/25/2024 5:24
INV-000724,CB-040,SKU-0048,2/17/2024,469,12,2/17/2024 4:09
INV-000725,CB-040,SKU-0044,2/1/2024,318,37,2/1/2024 21:36
INV-000726,CB-040,SKU-0044,3/31/2024,442,29,3/31/2024 6:56
INV-000727,CB-040,SKU-0044,3/24/2024,377,36,3/24/2024 22:00
INV-000728,CB-040,SKU-0045,2/22/2024,193,22,2/22/2024 15:16
INV-000729,CB-040,SKU-0045,3/17/2024,5,35,3/17/2024 1:44
INV-000730,CB-040,SKU-0003,1/17/2024,339,14,1/17/2024 20:07
INV-000731,CB-040,SKU-0003,1/15/2024,81,41,1/15/2024 2:11
INV-000732,CB-040,SKU-0059,2/11/2024,85,26,2/11/2024 21:45
INV-000733,CB-040,SKU-0059,3/29/2024,203,28,3/29/2024 9:54
INV-000734,CB-040,SKU-0059,3/13/2024,wala,35,3/13/2024 6:05
INV-000735,CB-040,SKU-0014,3/4/2024,102,12,3/4/2024 15:30
INV-000736,CB-040,SKU-0014,1/14/2024,57,34,1/14/2024 5:05
INV-000737,CB-040,SKU-0014,3/29/2024,null,49,3/29/2024 11:28
INV-000738,CB-040,SKU-0007,1/19/2024,226,12,1/19/2024 21:59
INV-000739,CB-040,SKU-0007,3/5/2024,392,59,3/5/2024 6:46
INV-000740,CB-040,SKU-0007,2/10/2024,22,19,2/10/2024 10:55
INV-000741,CB-040,SKU-0030,1/23/2024,179,51,1/23/2024 1:25
INV-000742,CB-040,SKU-0030,2/18/2024,78,42,2/18/2024 2:14
INV-000743,CB-040,SKU-0012,3/21/2024,99,56,3/21/2024 14:01
INV-000744,CB-040,SKU-0015,1/9/2024,431,43,1/9/2024 9:35
INV-000745,CB-040,SKU-0015,1/21/2024,73,30,1/21/2024 1:07
INV-000746,CB-040,SKU-0046,1/9/2024,209,11,1/9/2024 19:46
INV-000747,CB-040,SKU-0046,1/22/2024,370,33,1/22/2024 1:09
INV-000748,CB-040,SKU-0046,1/14/2024,350,34,1/14/2024 0:36
INV-000749,CB-040,SKU-0021,2/19/2024,393,24,2/19/2024 20:02
INV-000750,CB-040,SKU-0005,3/10/2024,null,46,3/10/2024 20:24
INV-000751,CB-040,SKU-0005,2/6/2024,351,38,2/6/2024 23:15
INV-000752,CB-040,SKU-0005,3/28/2024,251,32,3/28/2024 20:29
INV-000753,CB-040,SKU-0054,1/20/2024,232,33,1/20/2024 7:09
INV-000754,CB-040,SKU-0054,2/6/2024,326,34,2/6/2024 8:56
INV-000755,CB-040,SKU-0060,2/17/2024,N/A,19,2/17/2024 1:29
INV-000756,CB-040,SKU-0032,3/31/2024,450,24,3/31/2024 12:08
INV-000757,CB-040,SKU-0032,3/21/2024,180,35,3/21/2024 13:56
INV-000758,CB-040,SKU-0050,2/28/2024,375,34,2/28/2024 14:23
INV-000759,CB-040,SKU-0050,2/13/2024,166,18,2/13/2024 23:33
INV-000760,CB-040,SKU-0037,2/1/2024,111,46,2/1/2024 6:55
INV-000761,CB-040,SKU-0041,3/25/2024,401,39,3/25/2024 17:55
INV-000762,CB-040,SKU-0041,2/22/2024,191,23,2/22/2024 12:09
INV-000763,CB-040,SKU-0041,3/1/2024,55,38,3/1/2024 9:57
INV-000764,CB-040,SKU-0040,2/22/2024,26,31,2/22/2024 17:56
INV-000765,CB-040,SKU-0040,1/21/2024,337,43,1/21/2024 13:11
INV-000766,CB-040,SKU-0040,2/26/2024,12,34,2/26/2024 18:42
INV-000767,CB-040,SKU-0001,2/4/2024,381,59,2/4/2024 4:41
INV-000768,CB-040,SKU-0061,3/14/2024,400,19,3/14/2024 13:20
INV-000769,CB-040,SKU-0061,2/29/2024,125,18,2/29/2024 15:20
INV-000770,CB-040,SKU-0025,3/19/2024,271,12,3/19/2024 21:06
INV-000771,CB-040,SKU-0025,1/9/2024,wala,31,1/9/2024 2:20
INV-000772,CB-040,SKU-0025,2/15/2024,103,23,2/15/2024 9:53
INV-000773,CB-040,SKU-0064,2/16/2024,319,47,2/16/2024 14:30
INV-000774,CB-040,SKU-0008,3/31/2024,89,16,3/31/2024 17:10
INV-000775,CB-040,SKU-0008,1/20/2024,83,44,1/20/2024 19:26
INV-000776,CB-040,SKU-0019,3/12/2024,282,54,3/12/2024 8:44
INV-000777,CB-040,SKU-0063,1/15/2024,339,38,1/15/2024 3:48
INV-000778,CB-009,SKU-0018,3/14/2024,93,11,3/14/2024 15:42
INV-000779,CB-009,SKU-0018,3/13/2024,176,15,3/13/2024 11:04
INV-000780,CB-009,SKU-0018,1/23/2024,69,53,1/23/2024 12:58
INV-000781,CB-009,SKU-0049,1/15/2024,478,52,1/15/2024 6:40
INV-000782,CB-009,SKU-0031,2/7/2024,364,60,2/7/2024 2:22
INV-000783,CB-009,SKU-0031,3/18/2024,409,49,3/18/2024 18:26
INV-000784,CB-009,SKU-0025,2/16/2024,435,42,2/16/2024 8:33
INV-000785,CB-009,SKU-0063,3/3/2024,163,13,3/3/2024 20:15
INV-000786,CB-009,SKU-0011,2/9/2024,134,37,2/9/2024 10:02
INV-000787,CB-009,SKU-0011,2/4/2024,383,52,2/4/2024 14:42
INV-000788,CB-009,SKU-0011,1/11/2024,170,18,1/11/2024 19:00
INV-000789,CB-009,SKU-0050,3/14/2024,9,22,3/14/2024 15:24
INV-000790,CB-009,SKU-0050,2/19/2024,18,27,2/19/2024 22:24
INV-000791,CB-009,SKU-0050,2/12/2024,187,60,2/12/2024 13:26
INV-000792,CB-009,SKU-0002,2/13/2024,67,56,2/13/2024 8:35
INV-000793,CB-009,SKU-0002,1/25/2024,250,15,1/25/2024 14:58
INV-000794,CB-009,SKU-0002,3/26/2024,43,30,3/26/2024 16:57
INV-000795,CB-009,SKU-0038,1/3/2024,415,58,1/3/2024 3:15
INV-000796,CB-009,SKU-0045,1/23/2024,,25,1/23/2024 2:55
INV-000797,CB-009,SKU-0053,1/2/2024,N/A,49,1/2/2024 2:09
INV-000798,CB-009,SKU-0024,3/21/2024,494,39,3/21/2024 20:55
INV-000799,CB-009,SKU-0024,2/12/2024,402,49,2/12/2024 3:03
INV-000800,CB-009,SKU-0024,3/31/2024,71,57,3/31/2024 2:11
INV-000801,CB-009,SKU-0029,1/12/2024,1,53,1/12/2024 7:13
INV-000802,CB-026,SKU-0011,3/1/2024,147,47,3/1/2024 1:28
INV-000803,CB-026,SKU-0050,3/5/2024,,26,3/5/2024 4:56
INV-000804,CB-026,SKU-0021,3/14/2024,498,17,3/14/2024 22:48
INV-000805,CB-026,SKU-0021,1/10/2024,96,30,1/10/2024 7:10
INV-000806,CB-026,SKU-0021,2/20/2024,325,28,2/20/2024 19:26
INV-000807,CB-026,SKU-0041,3/22/2024,146,26,3/22/2024 11:47
INV-000808,CB-026,SKU-0041,1/31/2024,N/A,28,1/31/2024 5:04
INV-000809,CB-026,SKU-0041,1/8/2024,32,56,1/8/2024 1:39
INV-000810,CB-026,SKU-0034,1/11/2024,345,55,1/11/2024 14:00
INV-000811,CB-026,SKU-0034,3/27/2024,45,59,3/27/2024 11:44
INV-000812,CB-026,SKU-0013,3/18/2024,347,46,3/18/2024 8:46
INV-000813,CB-026,SKU-0013,2/10/2024,230,40,2/10/2024 11:31
INV-000814,CB-026,SKU-0013,2/8/2024,390,44,2/8/2024 23:12
INV-000815,CB-026,SKU-0031,3/16/2024,N/A,36,3/16/2024 14:56
INV-000816,CB-026,SKU-0053,2/11/2024,472,35,2/11/2024 14:55
INV-000817,CB-026,SKU-0053,2/29/2024,231,57,2/29/2024 12:26
INV-000818,CB-026,SKU-0060,1/18/2024,403,50,1/18/2024 4:25
INV-000819,CB-026,SKU-0046,1/2/2024,222,52,1/2/2024 5:09
INV-000820,CB-026,SKU-0046,3/16/2024,484,16,3/16/2024 0:25
INV-000821,CB-026,SKU-0032,1/20/2024,138,11,1/20/2024 15:25
INV-000822,CB-026,SKU-0032,1/21/2024,155,45,1/21/2024 8:14
INV-000823,CB-026,SKU-0039,3/3/2024,310,37,3/3/2024 13:54
INV-000824,CB-026,SKU-0056,3/3/2024,496,32,3/3/2024 3:04
INV-000825,CB-035,SKU-0062,1/17/2024,271,56,1/17/2024 11:51
INV-000826,CB-035,SKU-0062,3/29/2024,442,46,3/29/2024 15:04
INV-000827,CB-035,SKU-0062,1/3/2024,228,25,1/3/2024 6:20
INV-000828,CB-035,SKU-0038,1/30/2024,465,30,1/30/2024 20:58
INV-000829,CB-035,SKU-0038,3/1/2024,402,31,3/1/2024 18:50
INV-000830,CB-035,SKU-0038,2/12/2024,357,18,2/12/2024 10:50
INV-000831,CB-035,SKU-0010,3/14/2024,497,55,3/14/2024 18:39
INV-000832,CB-035,SKU-0010,1/31/2024,416,41,1/31/2024 18:30
INV-000833,CB-035,SKU-0010,1/3/2024,160,16,1/3/2024 12:48
INV-000834,CB-035,SKU-0016,3/20/2024,null,39,3/20/2024 19:57
INV-000835,CB-035,SKU-0034,2/4/2024,34,59,2/4/2024 6:50
INV-000836,CB-035,SKU-0034,2/5/2024,364,59,2/5/2024 1:30
INV-000837,CB-035,SKU-0034,2/1/2024,114,30,2/1/2024 11:52
INV-000838,CB-035,SKU-0032,3/2/2024,287,27,3/2/2024 10:31
INV-000839,CB-035,SKU-0032,2/10/2024,309,22,2/10/2024 20:12
INV-000840,CB-035,SKU-0032,3/17/2024,309,56,3/17/2024 1:47
INV-000841,CB-035,SKU-0052,3/8/2024,409,25,3/8/2024 12:27
INV-000842,CB-035,SKU-0014,1/2/2024,152,19,1/2/2024 9:01
INV-000843,CB-035,SKU-0014,1/4/2024,333,36,1/4/2024 2:23
INV-000844,CB-035,SKU-0014,2/29/2024,397,19,2/29/2024 14:40
INV-000845,CB-035,SKU-0027,3/12/2024,80,58,3/12/2024 10:06
INV-000846,CB-035,SKU-0027,2/5/2024,233,55,2/5/2024 19:29
INV-000847,CB-035,SKU-0060,1/21/2024,300,11,1/21/2024 3:03
INV-000848,CB-035,SKU-0060,2/11/2024,282,19,2/11/2024 10:53
INV-000849,CB-035,SKU-0001,2/18/2024,null,51,2/18/2024 10:25
INV-000850,CB-035,SKU-0001,1/23/2024,167,58,1/23/2024 1:41
INV-000851,CB-035,SKU-0001,2/6/2024,165,46,2/6/2024 1:56
INV-000852,CB-035,SKU-0020,1/8/2024,370,18,1/8/2024 15:04
INV-000853,CB-035,SKU-0020,1/9/2024,71,43,1/9/2024 5:45
INV-000854,CB-035,SKU-0020,1/31/2024,47,32,1/31/2024 10:05
INV-000855,CB-035,SKU-0041,2/13/2024,null,44,2/13/2024 1:33
INV-000856,CB-035,SKU-0041,2/23/2024,328,54,2/23/2024 4:35
INV-000857,CB-035,SKU-0011,1/27/2024,229,58,1/27/2024 8:14
INV-000858,CB-035,SKU-0022,1/8/2024,330,11,1/8/2024 1:41
INV-000859,CB-035,SKU-0053,1/29/2024,,58,1/29/2024 7:09
INV-000860,CB-035,SKU-0053,1/18/2024,256,34,1/18/2024 20:42
INV-000861,CB-035,SKU-0053,2/20/2024,9,28,2/20/2024 15:01
INV-000862,CB-035,SKU-0054,3/30/2024,212,12,3/30/2024 6:37
INV-000863,CB-035,SKU-0054,1/5/2024,106,41,1/5/2024 0:22
INV-000864,CB-035,SKU-0054,3/30/2024,41,33,3/30/2024 16:57
INV-000865,CB-035,SKU-0044,2/20/2024,108,10,2/20/2024 20:47
INV-000866,CB-035,SKU-0040,2/6/2024,136,42,2/6/2024 12:10
INV-000867,CB-035,SKU-0040,1/26/2024,386,31,1/26/2024 6:20
INV-000868,CB-035,SKU-0040,2/3/2024,N/A,38,2/3/2024 0:28
INV-000869,CB-035,SKU-0028,3/24/2024,343,35,3/24/2024 6:11
INV-000870,CB-035,SKU-0028,1/15/2024,21,16,1/15/2024 23:59
INV-000871,CB-035,SKU-0028,1/27/2024,102,57,1/27/2024 23:19
INV-000872,CB-035,SKU-0047,3/27/2024,109,29,3/27/2024 11:29
INV-000873,CB-035,SKU-0047,1/7/2024,331,46,1/7/2024 8:13
INV-000874,CB-035,SKU-0047,3/6/2024,12,23,3/6/2024 5:55
INV-000875,CB-035,SKU-0008,1/27/2024,255,34,1/27/2024 23:20
INV-000876,CB-035,SKU-0008,2/28/2024,200,20,2/28/2024 15:30
INV-000877,CB-041,SKU-0032,2/17/2024,110,37,2/17/2024 23:56
INV-000878,CB-041,SKU-0010,1/10/2024,143,11,1/10/2024 9:49
INV-000879,CB-041,SKU-0010,1/5/2024,460,19,1/5/2024 8:29
INV-000880,CB-041,SKU-0040,1/16/2024,470,53,1/16/2024 0:56
INV-000881,CB-041,SKU-0007,1/23/2024,,39,1/23/2024 18:44
INV-000882,CB-041,SKU-0007,3/12/2024,139,54,3/12/2024 18:30
INV-000883,CB-041,SKU-0057,3/29/2024,78,35,3/29/2024 21:24
INV-000884,CB-041,SKU-0001,1/5/2024,254,39,1/5/2024 13:11
INV-000885,CB-041,SKU-0055,3/14/2024,wala,59,3/14/2024 8:45
INV-000886,CB-041,SKU-0002,3/2/2024,103,11,3/2/2024 21:17
INV-000887,CB-041,SKU-0002,1/25/2024,120,10,1/25/2024 20:02
INV-000888,CB-041,SKU-0063,2/25/2024,286,41,2/25/2024 7:45
INV-000889,CB-041,SKU-0063,1/7/2024,146,48,1/7/2024 11:29
INV-000890,CB-041,SKU-0063,3/1/2024,278,52,3/1/2024 11:46
INV-000891,CB-041,SKU-0004,3/10/2024,74,50,3/10/2024 11:26
INV-000892,CB-041,SKU-0004,1/23/2024,297,39,1/23/2024 11:49
INV-000893,CB-041,SKU-0004,2/7/2024,75,58,2/7/2024 15:43
INV-000894,CB-041,SKU-0059,2/22/2024,184,15,2/22/2024 19:16
INV-000895,CB-041,SKU-0059,1/18/2024,170,51,1/18/2024 14:28
INV-000896,CB-041,SKU-0059,3/10/2024,441,12,3/10/2024 10:32
INV-000897,CB-041,SKU-0060,1/19/2024,306,50,1/19/2024 23:10
INV-000898,CB-041,SKU-0060,3/14/2024,71,60,3/14/2024 6:52
INV-000899,CB-041,SKU-0060,3/29/2024,null,17,3/29/2024 16:34
INV-000900,CB-041,SKU-0018,3/7/2024,53,26,3/7/2024 17:42
INV-000901,CB-041,SKU-0054,1/30/2024,350,31,1/30/2024 15:07
INV-000902,CB-041,SKU-0020,2/17/2024,280,43,2/17/2024 21:52
INV-000903,CB-041,SKU-0020,2/20/2024,112,57,2/20/2024 13:44
INV-000904,CB-041,SKU-0029,1/29/2024,327,19,1/29/2024 22:57
INV-000905,CB-041,SKU-0025,1/1/2024,457,42,1/1/2024 3:31
INV-000906,CB-041,SKU-0047,1/10/2024,355,25,1/10/2024 12:19
INV-000907,CB-041,SKU-0037,3/10/2024,,11,3/10/2024 0:01
INV-000908,CB-041,SKU-0011,1/16/2024,106,59,1/16/2024 21:04
INV-000909,CB-041,SKU-0011,1/9/2024,129,17,1/9/2024 13:22
INV-000910,CB-041,SKU-0062,2/21/2024,5,29,2/21/2024 10:24
INV-000911,CB-041,SKU-0062,2/17/2024,106,49,2/17/2024 18:58
INV-000912,CB-041,SKU-0062,3/2/2024,325,12,3/2/2024 21:31
INV-000913,CB-048,SKU-0064,2/24/2024,352,32,2/24/2024 21:31
INV-000914,CB-048,SKU-0041,2/18/2024,19,58,2/18/2024 2:30
INV-000915,CB-048,SKU-0023,3/10/2024,wala,39,3/10/2024 12:47
INV-000916,CB-048,SKU-0023,2/13/2024,123,40,2/13/2024 1:20
INV-000917,CB-048,SKU-0002,3/11/2024,397,38,3/11/2024 6:39
INV-000918,CB-048,SKU-0002,2/22/2024,,47,2/22/2024 21:49
INV-000919,CB-048,SKU-0017,3/5/2024,,39,3/5/2024 8:44
INV-000920,CB-048,SKU-0045,2/19/2024,410,51,2/19/2024 23:03
INV-000921,CB-048,SKU-0045,2/2/2024,,41,2/2/2024 5:57
INV-000922,CB-048,SKU-0045,2/27/2024,150,12,2/27/2024 9:38
INV-000923,CB-048,SKU-0031,2/24/2024,56,14,2/24/2024 6:30
INV-000924,CB-048,SKU-0031,3/3/2024,,59,3/3/2024 12:02
INV-000925,CB-048,SKU-0056,1/24/2024,114,53,1/24/2024 18:54
INV-000926,CB-048,SKU-0056,3/4/2024,117,54,3/4/2024 3:06
INV-000927,CB-048,SKU-0052,1/18/2024,67,48,1/18/2024 18:01
INV-000928,CB-048,SKU-0025,3/4/2024,187,37,3/4/2024 0:45
INV-000929,CB-048,SKU-0025,3/8/2024,459,50,3/8/2024 17:06
INV-000930,CB-048,SKU-0049,3/1/2024,17,45,3/1/2024 22:27
INV-000931,CB-048,SKU-0049,1/9/2024,N/A,40,1/9/2024 12:32
INV-000932,CB-048,SKU-0035,1/18/2024,wala,46,1/18/2024 5:42
INV-000933,CB-048,SKU-0050,2/27/2024,337,33,2/27/2024 17:16
INV-000934,CB-001,SKU-0009,1/18/2024,163,40,1/18/2024 6:12
INV-000935,CB-001,SKU-0009,3/25/2024,243,23,3/25/2024 3:11
INV-000936,CB-001,SKU-0024,3/11/2024,324,14,3/11/2024 4:42
INV-000937,CB-001,SKU-0024,1/17/2024,439,58,1/17/2024 2:30
INV-000938,CB-001,SKU-0038,1/10/2024,289,50,1/10/2024 13:53
INV-000939,CB-001,SKU-0038,3/21/2024,185,26,3/21/2024 13:03
INV-000940,CB-001,SKU-0038,2/25/2024,21,59,2/25/2024 12:01
INV-000941,CB-001,SKU-0027,3/26/2024,371,35,3/26/2024 14:38
INV-000942,CB-001,SKU-0008,1/17/2024,245,60,1/17/2024 16:56
INV-000943,CB-001,SKU-0036,3/23/2024,446,20,3/23/2024 7:38
INV-000944,CB-001,SKU-0036,3/7/2024,147,14,3/7/2024 13:38
INV-000945,CB-001,SKU-0003,2/23/2024,33,55,2/23/2024 4:49
INV-000946,CB-001,SKU-0015,1/6/2024,189,27,1/6/2024 14:41
INV-000947,CB-001,SKU-0015,2/13/2024,155,48,2/13/2024 10:58
INV-000948,CB-001,SKU-0015,2/9/2024,437,42,2/9/2024 15:24
INV-000949,CB-001,SKU-0013,3/16/2024,355,53,3/16/2024 19:38
INV-000950,CB-001,SKU-0013,3/25/2024,402,40,3/25/2024 10:05
INV-000951,CB-001,SKU-0013,3/29/2024,250,44,3/29/2024 16:39
INV-000952,CB-001,SKU-0010,1/9/2024,128,27,1/9/2024 9:38
INV-000953,CB-001,SKU-0010,3/6/2024,116,30,3/6/2024 7:36
INV-000954,CB-001,SKU-0010,1/25/2024,178,22,1/25/2024 10:33
INV-000955,CB-001,SKU-0020,2/22/2024,142,37,2/22/2024 21:42
INV-000956,CB-001,SKU-0020,1/25/2024,393,60,1/25/2024 4:51
INV-000957,CB-001,SKU-0020,3/29/2024,151,53,3/29/2024 11:45
INV-000958,CB-001,SKU-0065,3/11/2024,164,39,3/11/2024 18:33
INV-000959,CB-001,SKU-0065,1/23/2024,60,28,1/23/2024 20:15
INV-000960,CB-001,SKU-0065,1/27/2024,306,31,1/27/2024 5:56
INV-000961,CB-001,SKU-0048,3/4/2024,191,40,3/4/2024 22:17
INV-000962,CB-001,SKU-0048,3/13/2024,235,19,3/13/2024 8:38
INV-000963,CB-001,SKU-0048,1/10/2024,129,34,1/10/2024 17:25
INV-000964,CB-001,SKU-0045,1/9/2024,96,26,1/9/2024 15:29
INV-000965,CB-001,SKU-0026,3/15/2024,420,46,3/15/2024 13:12
INV-000966,CB-001,SKU-0026,2/4/2024,26,50,2/4/2024 15:38
INV-000967,CB-001,SKU-0026,1/14/2024,243,30,1/14/2024 3:08
INV-000968,CB-001,SKU-0001,1/16/2024,185,13,1/16/2024 1:54
INV-000969,CB-001,SKU-0064,2/5/2024,55,27,2/5/2024 4:50
INV-000970,CB-001,SKU-0004,3/28/2024,216,52,3/28/2024 18:03
INV-000971,CB-001,SKU-0033,1/15/2024,172,56,1/15/2024 8:18
INV-000972,CB-001,SKU-0050,1/31/2024,118,48,1/31/2024 18:48
INV-000973,CB-001,SKU-0050,2/4/2024,475,25,2/4/2024 4:01
INV-000974,CB-001,SKU-0061,3/15/2024,162,20,3/15/2024 12:13
INV-000975,CB-001,SKU-0061,3/10/2024,,15,3/10/2024 18:47
INV-000976,CB-001,SKU-0061,3/19/2024,498,41,3/19/2024 3:06
INV-000977,CB-001,SKU-0034,2/22/2024,113,49,2/22/2024 5:57
INV-000978,CB-001,SKU-0043,1/29/2024,,52,1/29/2024 9:27
INV-000979,CB-001,SKU-0018,3/17/2024,434,23,3/17/2024 7:06
INV-000980,CB-001,SKU-0018,1/11/2024,209,38,1/11/2024 4:47
INV-000981,CB-001,SKU-0018,2/19/2024,435,34,2/19/2024 0:34
INV-000982,CB-001,SKU-0063,1/27/2024,451,37,1/27/2024 16:21
INV-000983,CB-001,SKU-0063,2/11/2024,10,49,2/11/2024 12:53
INV-000984,CB-001,SKU-0044,3/18/2024,105,55,3/18/2024 2:38
INV-000985,CB-001,SKU-0044,3/30/2024,349,60,3/30/2024 12:13
INV-000986,CB-001,SKU-0046,2/10/2024,180,25,2/10/2024 22:18
INV-000987,CB-005,SKU-0049,1/3/2024,251,38,1/3/2024 13:05
INV-000988,CB-005,SKU-0049,2/25/2024,130,27,2/25/2024 11:58
INV-000989,CB-005,SKU-0061,3/2/2024,80,47,3/2/2024 20:33
INV-000990,CB-005,SKU-0061,3/17/2024,271,12,3/17/2024 12:23
INV-000991,CB-005,SKU-0062,1/30/2024,46,20,1/30/2024 2:39
INV-000992,CB-005,SKU-0002,3/11/2024,25,43,3/11/2024 8:28
INV-000993,CB-005,SKU-0002,1/20/2024,150,37,1/20/2024 8:55
INV-000994,CB-005,SKU-0002,1/24/2024,117,20,1/24/2024 16:04
INV-000995,CB-005,SKU-0044,1/12/2024,,28,1/12/2024 17:30
INV-000996,CB-005,SKU-0060,1/22/2024,,48,1/22/2024 22:04
INV-000997,CB-005,SKU-0060,1/9/2024,,44,1/9/2024 3:49
INV-000998,CB-005,SKU-0037,3/11/2024,389,21,3/11/2024 4:34
INV-000999,CB-005,SKU-0037,1/24/2024,125,30,1/24/2024 5:49
INV-001000,CB-005,SKU-0016,3/6/2024,,13,3/6/2024 12:08
INV-001001,CB-005,SKU-0016,1/22/2024,24,18,1/22/2024 7:55
INV-001002,CB-005,SKU-0042,2/17/2024,293,39,2/17/2024 7:29
INV-001003,CB-005,SKU-0042,1/23/2024,,20,1/23/2024 20:38
INV-001004,CB-005,SKU-0042,1/6/2024,34,18,1/6/2024 0:18
INV-001005,CB-005,SKU-0045,3/8/2024,409,58,3/8/2024 12:35
INV-001006,CB-005,SKU-0045,3/10/2024,371,43,3/10/2024 14:41
INV-001007,CB-005,SKU-0005,2/15/2024,402,55,2/15/2024 23:25
INV-001008,CB-005,SKU-0005,2/2/2024,268,20,2/2/2024 16:54
INV-001009,CB-005,SKU-0005,3/4/2024,64,23,3/4/2024 2:38
INV-001010,CB-005,SKU-0029,2/8/2024,59,36,2/8/2024 12:24
INV-001011,CB-005,SKU-0029,2/8/2024,null,22,2/8/2024 0:13
INV-001012,CB-005,SKU-0046,3/22/2024,384,47,3/22/2024 23:08
INV-001013,CB-005,SKU-0046,3/24/2024,406,25,3/24/2024 4:01
INV-001014,CB-005,SKU-0052,2/26/2024,129,39,2/26/2024 22:29
INV-001015,CB-005,SKU-0063,1/27/2024,237,13,1/27/2024 7:09
INV-001016,CB-005,SKU-0063,3/22/2024,N/A,13,3/22/2024 11:29
INV-001017,CB-005,SKU-0025,3/24/2024,446,48,3/24/2024 9:22
INV-001018,CB-005,SKU-0025,3/6/2024,282,40,3/6/2024 2:22
INV-001019,CB-005,SKU-0059,1/25/2024,158,20,1/25/2024 0:06
INV-001020,CB-005,SKU-0059,1/19/2024,381,27,1/19/2024 1:01
INV-001021,CB-005,SKU-0023,1/28/2024,322,11,1/28/2024 14:25
INV-001022,CB-005,SKU-0023,2/12/2024,408,32,2/12/2024 19:20
INV-001023,CB-005,SKU-0023,2/6/2024,,47,2/6/2024 3:56
INV-001024,CB-005,SKU-0024,3/3/2024,221,12,3/3/2024 21:49
INV-001025,CB-005,SKU-0024,3/11/2024,373,42,3/11/2024 2:09
INV-001026,CB-021,SKU-0043,2/23/2024,409,19,2/23/2024 13:35
INV-001027,CB-021,SKU-0057,2/2/2024,469,14,2/2/2024 5:54
INV-001028,CB-021,SKU-0057,1/5/2024,135,60,1/5/2024 2:14
INV-001029,CB-021,SKU-0057,2/29/2024,468,53,2/29/2024 15:07
INV-001030,CB-021,SKU-0047,3/26/2024,235,31,3/26/2024 19:46
INV-001031,CB-021,SKU-0063,3/1/2024,489,46,3/1/2024 17:35
INV-001032,CB-021,SKU-0063,2/12/2024,323,43,2/12/2024 4:42
INV-001033,CB-021,SKU-0041,3/16/2024,266,48,3/16/2024 7:14
INV-001034,CB-021,SKU-0041,1/3/2024,222,31,1/3/2024 16:19
INV-001035,CB-021,SKU-0041,3/4/2024,498,35,3/4/2024 1:37
INV-001036,CB-021,SKU-0018,2/2/2024,54,45,2/2/2024 7:54
INV-001037,CB-021,SKU-0018,1/29/2024,450,39,1/29/2024 4:59
INV-001038,CB-021,SKU-0010,3/30/2024,277,36,3/30/2024 23:25
INV-001039,CB-021,SKU-0059,3/13/2024,169,25,3/13/2024 5:39
INV-001040,CB-021,SKU-0059,3/2/2024,485,14,3/2/2024 10:59
INV-001041,CB-021,SKU-0049,2/25/2024,207,19,2/25/2024 13:30
INV-001042,CB-021,SKU-0013,2/12/2024,480,29,2/12/2024 7:31
INV-001043,CB-021,SKU-0006,2/20/2024,301,37,2/20/2024 7:18
INV-001044,CB-021,SKU-0006,2/1/2024,312,31,2/1/2024 5:38
INV-001045,CB-021,SKU-0040,3/16/2024,192,16,3/16/2024 2:05
INV-001046,CB-021,SKU-0040,1/2/2024,76,41,1/2/2024 2:59
INV-001047,CB-021,SKU-0025,3/23/2024,77,10,3/23/2024 15:11
INV-001048,CB-021,SKU-0025,1/5/2024,68,33,1/5/2024 21:43
INV-001049,CB-021,SKU-0025,3/30/2024,182,15,3/30/2024 1:10
INV-001050,CB-021,SKU-0060,2/12/2024,,15,2/12/2024 1:39
INV-001051,CB-021,SKU-0060,1/1/2024,420,60,1/1/2024 5:57
INV-001052,CB-021,SKU-0026,3/3/2024,55,28,3/3/2024 19:53
INV-001053,CB-021,SKU-0026,3/8/2024,36,28,3/8/2024 4:04
INV-001054,CB-021,SKU-0015,3/18/2024,436,51,3/18/2024 22:32
INV-001055,CB-021,SKU-0015,1/13/2024,254,54,1/13/2024 9:02
INV-001056,CB-021,SKU-0003,2/13/2024,340,40,2/13/2024 14:22
INV-001057,CB-021,SKU-0003,3/6/2024,156,55,3/6/2024 12:26
INV-001058,CB-021,SKU-0064,2/9/2024,341,25,2/9/2024 14:09
INV-001059,CB-021,SKU-0020,1/20/2024,,17,1/20/2024 4:06
INV-001060,CB-021,SKU-0020,2/27/2024,64,14,2/27/2024 9:49
INV-001061,CB-021,SKU-0020,2/12/2024,352,25,2/12/2024 22:30
INV-001062,CB-021,SKU-0001,2/22/2024,62,52,2/22/2024 21:35
INV-001063,CB-021,SKU-0001,3/16/2024,154,23,3/16/2024 15:41
INV-001064,CB-021,SKU-0009,2/16/2024,80,32,2/16/2024 2:03
INV-001065,CB-021,SKU-0056,2/2/2024,199,41,2/2/2024 14:42
INV-001066,CB-021,SKU-0027,3/31/2024,441,18,3/31/2024 10:47
INV-001067,CB-021,SKU-0027,3/31/2024,216,58,3/31/2024 18:55
INV-001068,CB-021,SKU-0037,1/24/2024,3,20,1/24/2024 8:26
INV-001069,CB-021,SKU-0037,1/12/2024,249,31,1/12/2024 4:02
INV-001070,CB-021,SKU-0037,1/18/2024,122,41,1/18/2024 8:58
INV-001071,CB-027,SKU-0024,1/19/2024,170,57,1/19/2024 23:32
INV-001072,CB-027,SKU-0054,3/8/2024,200,47,3/8/2024 19:59
INV-001073,CB-027,SKU-0054,3/19/2024,100,56,3/19/2024 1:29
INV-001074,CB-027,SKU-0003,3/16/2024,280,58,3/16/2024 14:02
INV-001075,CB-027,SKU-0003,2/6/2024,,50,2/6/2024 2:30
INV-001076,CB-027,SKU-0003,2/23/2024,475,48,2/23/2024 18:14
INV-001077,CB-027,SKU-0050,3/16/2024,114,29,3/16/2024 20:54
INV-001078,CB-027,SKU-0050,1/5/2024,418,47,1/5/2024 8:25
INV-001079,CB-027,SKU-0001,1/1/2024,271,24,1/1/2024 14:15
INV-001080,CB-027,SKU-0001,2/20/2024,1,14,2/20/2024 8:34
INV-001081,CB-027,SKU-0041,2/23/2024,8,56,2/23/2024 20:50
INV-001082,CB-027,SKU-0041,2/9/2024,393,13,2/9/2024 15:37
INV-001083,CB-027,SKU-0041,1/28/2024,273,28,1/28/2024 3:54
INV-001084,CB-027,SKU-0065,2/19/2024,287,21,2/19/2024 17:41
INV-001085,CB-027,SKU-0046,1/2/2024,350,31,1/2/2024 20:15
INV-001086,CB-027,SKU-0022,1/3/2024,50,57,1/3/2024 23:16
INV-001087,CB-027,SKU-0022,1/22/2024,336,26,1/22/2024 13:10
INV-001088,CB-027,SKU-0052,1/27/2024,373,16,1/27/2024 9:19
INV-001089,CB-027,SKU-0052,3/10/2024,354,14,3/10/2024 2:09
INV-001090,CB-027,SKU-0040,1/1/2024,488,59,1/1/2024 8:11
INV-001091,CB-027,SKU-0059,2/27/2024,172,59,2/27/2024 17:29
INV-001092,CB-027,SKU-0057,1/16/2024,246,27,1/16/2024 2:22
INV-001093,CB-027,SKU-0057,1/12/2024,180,22,1/12/2024 17:16
INV-001094,CB-027,SKU-0057,1/3/2024,466,60,1/3/2024 2:04
INV-001095,CB-027,SKU-0061,1/19/2024,175,54,1/19/2024 17:12
INV-001096,CB-027,SKU-0007,3/21/2024,null,60,3/21/2024 13:06
INV-001097,CB-027,SKU-0007,3/6/2024,397,23,3/6/2024 5:12
INV-001098,CB-027,SKU-0031,3/22/2024,247,57,3/22/2024 22:04
INV-001099,CB-027,SKU-0031,1/30/2024,427,59,1/30/2024 15:35
INV-001100,CB-027,SKU-0031,2/28/2024,198,33,2/28/2024 6:57
INV-001101,CB-027,SKU-0033,1/5/2024,231,46,1/5/2024 11:01
INV-001102,CB-027,SKU-0013,2/17/2024,332,57,2/17/2024 0:20
INV-001103,CB-027,SKU-0013,2/29/2024,43,16,2/29/2024 19:33
INV-001104,CB-027,SKU-0013,3/12/2024,,40,3/12/2024 15:35
INV-001105,CB-011,SKU-0016,2/13/2024,435,14,2/13/2024 16:23
INV-001106,CB-011,SKU-0016,1/10/2024,255,29,1/10/2024 13:01
INV-001107,CB-011,SKU-0005,2/6/2024,167,15,2/6/2024 4:59
INV-001108,CB-011,SKU-0051,3/18/2024,306,33,3/18/2024 3:06
INV-001109,CB-011,SKU-0051,2/3/2024,393,17,2/3/2024 5:36
INV-001110,CB-011,SKU-0051,1/28/2024,298,24,1/28/2024 1:17
INV-001111,CB-011,SKU-0054,3/11/2024,386,15,3/11/2024 22:35
INV-001112,CB-011,SKU-0054,3/14/2024,445,29,3/14/2024 17:42
INV-001113,CB-011,SKU-0041,1/13/2024,458,12,1/13/2024 9:58
INV-001114,CB-011,SKU-0041,2/23/2024,47,27,2/23/2024 23:03
INV-001115,CB-011,SKU-0021,1/9/2024,48,47,1/9/2024 0:06
INV-001116,CB-011,SKU-0065,1/6/2024,240,35,1/6/2024 17:06
INV-001117,CB-011,SKU-0065,2/3/2024,81,45,2/3/2024 7:05
INV-001118,CB-011,SKU-0020,1/22/2024,94,46,1/22/2024 22:55
INV-001119,CB-011,SKU-0020,1/14/2024,322,40,1/14/2024 6:46
INV-001120,CB-011,SKU-0035,1/17/2024,86,53,1/17/2024 16:15
INV-001121,CB-011,SKU-0035,2/22/2024,2,27,2/22/2024 18:50
INV-001122,CB-011,SKU-0035,1/25/2024,252,13,1/25/2024 13:13
INV-001123,CB-011,SKU-0053,3/26/2024,198,43,3/26/2024 9:22
INV-001124,CB-011,SKU-0053,1/18/2024,207,36,1/18/2024 18:18
INV-001125,CB-011,SKU-0053,2/4/2024,127,17,2/4/2024 22:26
INV-001126,CB-011,SKU-0028,3/23/2024,309,17,3/23/2024 12:37
INV-001127,CB-011,SKU-0028,1/25/2024,382,18,1/25/2024 18:11
INV-001128,CB-011,SKU-0019,3/15/2024,61,25,3/15/2024 4:45
INV-001129,CB-011,SKU-0019,1/6/2024,118,57,1/6/2024 1:46
INV-001130,CB-011,SKU-0019,1/10/2024,350,23,1/10/2024 8:07
INV-001131,CB-011,SKU-0003,1/1/2024,333,17,1/1/2024 22:00
INV-001132,CB-011,SKU-0003,2/22/2024,54,38,2/22/2024 4:09
INV-001133,CB-011,SKU-0003,3/23/2024,402,33,3/23/2024 10:26
INV-001134,CB-011,SKU-0007,3/25/2024,265,38,3/25/2024 21:12
INV-001135,CB-011,SKU-0007,3/22/2024,74,32,3/22/2024 6:55
INV-001136,CB-011,SKU-0004,3/25/2024,124,27,3/25/2024 13:03
INV-001137,CB-011,SKU-0004,2/2/2024,1,20,2/2/2024 1:50
INV-001138,CB-011,SKU-0004,1/8/2024,383,28,1/8/2024 6:26
INV-001139,CB-011,SKU-0058,2/6/2024,72,21,2/6/2024 13:49
INV-001140,CB-011,SKU-0043,3/1/2024,402,14,3/1/2024 18:29
INV-001141,CB-011,SKU-0009,2/8/2024,329,22,2/8/2024 22:55
INV-001142,CB-011,SKU-0009,2/5/2024,429,34,2/5/2024 8:10
INV-001143,CB-011,SKU-0045,1/29/2024,224,11,1/29/2024 7:41
INV-001144,CB-011,SKU-0045,3/3/2024,196,45,3/3/2024 16:41
INV-001145,CB-011,SKU-0017,1/15/2024,137,43,1/15/2024 8:44
INV-001146,CB-011,SKU-0025,2/4/2024,441,29,2/4/2024 23:25
INV-001147,CB-011,SKU-0010,1/9/2024,290,16,1/9/2024 7:57
INV-001148,CB-031,SKU-0033,2/23/2024,290,40,2/23/2024 6:11
INV-001149,CB-031,SKU-0033,1/14/2024,375,58,1/14/2024 13:16
INV-001150,CB-031,SKU-0033,3/30/2024,411,22,3/30/2024 20:25
INV-001151,CB-031,SKU-0032,3/18/2024,289,16,3/18/2024 12:30
INV-001152,CB-031,SKU-0032,3/20/2024,100,30,3/20/2024 1:54
INV-001153,CB-031,SKU-0032,2/13/2024,182,25,2/13/2024 17:21
INV-001154,CB-031,SKU-0049,1/30/2024,220,11,1/30/2024 22:04
INV-001155,CB-031,SKU-0049,1/14/2024,289,24,1/14/2024 13:55
INV-001156,CB-031,SKU-0062,1/27/2024,239,57,1/27/2024 2:06
INV-001157,CB-031,SKU-0043,3/11/2024,225,24,3/11/2024 23:13
INV-001158,CB-031,SKU-0043,1/28/2024,N/A,10,1/28/2024 18:26
INV-001159,CB-031,SKU-0043,1/16/2024,143,38,1/16/2024 6:05
INV-001160,CB-031,SKU-0060,1/31/2024,N/A,60,1/31/2024 19:34
INV-001161,CB-031,SKU-0060,3/21/2024,480,12,3/21/2024 15:44
INV-001162,CB-031,SKU-0036,3/10/2024,85,54,3/10/2024 23:00
INV-001163,CB-031,SKU-0036,3/3/2024,418,60,3/3/2024 13:56
INV-001164,CB-031,SKU-0055,1/13/2024,45,24,1/13/2024 18:17
INV-001165,CB-031,SKU-0055,1/1/2024,218,32,1/1/2024 14:35
INV-001166,CB-031,SKU-0040,1/22/2024,13,50,1/22/2024 18:01
INV-001167,CB-031,SKU-0040,3/26/2024,140,20,3/26/2024 7:47
INV-001168,CB-031,SKU-0040,1/6/2024,375,23,1/6/2024 6:08
INV-001169,CB-031,SKU-0037,2/28/2024,31,24,2/28/2024 19:08
INV-001170,CB-031,SKU-0037,1/5/2024,60,56,1/5/2024 6:23
INV-001171,CB-031,SKU-0052,2/8/2024,427,19,2/8/2024 22:04
INV-001172,CB-031,SKU-0052,1/21/2024,242,20,1/21/2024 11:02
INV-001173,CB-031,SKU-0052,3/9/2024,89,36,3/9/2024 3:05
INV-001174,CB-031,SKU-0034,1/28/2024,37,16,1/28/2024 13:14
INV-001175,CB-031,SKU-0012,1/22/2024,136,55,1/22/2024 17:56
INV-001176,CB-031,SKU-0012,3/27/2024,271,47,3/27/2024 18:21
INV-001177,CB-031,SKU-0012,2/27/2024,80,48,2/27/2024 17:42
INV-001178,CB-031,SKU-0041,1/28/2024,488,21,1/28/2024 19:53
INV-001179,CB-031,SKU-0041,2/26/2024,142,48,2/26/2024 6:59
INV-001180,CB-031,SKU-0041,1/3/2024,100,34,1/3/2024 17:29
INV-001181,CB-031,SKU-0064,3/15/2024,59,18,3/15/2024 1:14
INV-001182,CB-031,SKU-0054,3/30/2024,273,17,3/30/2024 17:30
INV-001183,CB-031,SKU-0054,2/20/2024,465,55,2/20/2024 23:52
INV-001184,CB-031,SKU-0054,1/18/2024,27,44,1/18/2024 7:51
INV-001185,CB-031,SKU-0001,1/31/2024,,44,1/31/2024 2:15
INV-001186,CB-031,SKU-0010,3/11/2024,42,44,3/11/2024 2:16
INV-001187,CB-031,SKU-0010,2/3/2024,170,21,2/3/2024 1:27
INV-001188,CB-031,SKU-0010,3/3/2024,435,18,3/3/2024 7:44
INV-001189,CB-031,SKU-0002,1/12/2024,265,38,1/12/2024 2:27
INV-001190,CB-031,SKU-0002,3/22/2024,N/A,39,3/22/2024 5:43
INV-001191,CB-031,SKU-0002,2/5/2024,433,12,2/5/2024 0:49
INV-001192,CB-031,SKU-0021,3/26/2024,wala,15,3/26/2024 10:10
INV-001193,CB-031,SKU-0045,3/22/2024,,40,3/22/2024 3:28
INV-001194,CB-031,SKU-0045,3/9/2024,331,60,3/9/2024 20:47
INV-001195,CB-031,SKU-0045,3/18/2024,13,32,3/18/2024 10:24
INV-001196,CB-013,SKU-0065,3/3/2024,267,14,3/3/2024 4:11
INV-001197,CB-013,SKU-0065,2/6/2024,256,12,2/6/2024 10:24
INV-001198,CB-013,SKU-0038,1/6/2024,259,11,1/6/2024 1:38
INV-001199,CB-013,SKU-0038,1/7/2024,1,25,1/7/2024 12:22
INV-001200,CB-013,SKU-0049,2/13/2024,45,43,2/13/2024 8:33
INV-001201,CB-013,SKU-0049,1/20/2024,207,17,1/20/2024 7:26
INV-001202,CB-013,SKU-0049,1/20/2024,408,24,1/20/2024 10:23
INV-001203,CB-013,SKU-0019,1/7/2024,187,20,1/7/2024 18:24
INV-001204,CB-013,SKU-0019,1/6/2024,282,50,1/6/2024 15:03
INV-001205,CB-013,SKU-0019,2/22/2024,106,48,2/22/2024 19:35
INV-001206,CB-013,SKU-0017,3/20/2024,181,11,3/20/2024 19:49
INV-001207,CB-013,SKU-0017,3/22/2024,487,43,3/22/2024 5:08
INV-001208,CB-013,SKU-0011,1/8/2024,137,17,1/8/2024 12:16
INV-001209,CB-013,SKU-0006,1/16/2024,455,43,1/16/2024 23:00
INV-001210,CB-013,SKU-0006,2/3/2024,320,51,2/3/2024 5:35
INV-001211,CB-013,SKU-0006,3/1/2024,255,25,3/1/2024 16:12
INV-001212,CB-013,SKU-0035,1/25/2024,270,35,1/25/2024 8:15
INV-001213,CB-013,SKU-0035,1/20/2024,null,49,1/20/2024 21:18
INV-001214,CB-013,SKU-0053,1/22/2024,267,52,1/22/2024 21:46
INV-001215,CB-013,SKU-0053,2/9/2024,208,11,2/9/2024 7:56
INV-001216,CB-013,SKU-0053,2/23/2024,387,33,2/23/2024 23:46
INV-001217,CB-013,SKU-0010,2/25/2024,N/A,15,2/25/2024 14:55
INV-001218,CB-013,SKU-0010,1/6/2024,420,50,1/6/2024 12:10
INV-001219,CB-013,SKU-0010,2/15/2024,484,58,2/15/2024 9:55
INV-001220,CB-013,SKU-0039,1/24/2024,206,56,1/24/2024 21:23
INV-001221,CB-013,SKU-0043,3/10/2024,349,22,3/10/2024 23:01
INV-001222,CB-013,SKU-0043,3/26/2024,43,29,3/26/2024 13:50
INV-001223,CB-013,SKU-0037,2/7/2024,262,43,2/7/2024 16:58
INV-001224,CB-013,SKU-0037,1/3/2024,395,16,1/3/2024 11:15
INV-001225,CB-013,SKU-0058,3/30/2024,256,27,3/30/2024 10:46
INV-001226,CB-013,SKU-0058,1/18/2024,238,54,1/18/2024 1:43
INV-001227,CB-013,SKU-0058,3/29/2024,wala,28,3/29/2024 7:13
INV-001228,CB-013,SKU-0031,1/27/2024,496,32,1/27/2024 6:53
INV-001229,CB-015,SKU-0033,1/28/2024,68,30,1/28/2024 7:02
INV-001230,CB-015,SKU-0033,2/22/2024,wala,15,2/22/2024 19:48
INV-001231,CB-015,SKU-0041,3/4/2024,388,34,3/4/2024 3:29
INV-001232,CB-015,SKU-0041,3/5/2024,439,45,3/5/2024 23:55
INV-001233,CB-015,SKU-0041,3/8/2024,,23,3/8/2024 0:51
INV-001234,CB-015,SKU-0057,3/16/2024,54,36,3/16/2024 3:35
INV-001235,CB-015,SKU-0046,3/17/2024,268,25,3/17/2024 22:24
INV-001236,CB-015,SKU-0008,3/1/2024,326,26,3/1/2024 23:18
INV-001237,CB-015,SKU-0008,3/17/2024,61,36,3/17/2024 0:56
INV-001238,CB-015,SKU-0026,3/28/2024,109,49,3/28/2024 11:08
INV-001239,CB-015,SKU-0026,1/8/2024,39,14,1/8/2024 3:55
INV-001240,CB-015,SKU-0026,3/8/2024,327,28,3/8/2024 3:34
INV-001241,CB-015,SKU-0047,1/29/2024,118,40,1/29/2024 10:53
INV-001242,CB-015,SKU-0047,1/4/2024,300,36,1/4/2024 6:10
INV-001243,CB-015,SKU-0015,1/21/2024,482,48,1/21/2024 16:09
INV-001244,CB-015,SKU-0015,1/10/2024,122,31,1/10/2024 10:26
INV-001245,CB-015,SKU-0015,1/10/2024,47,12,1/10/2024 22:47
INV-001246,CB-015,SKU-0052,2/7/2024,66,36,2/7/2024 23:02
INV-001247,CB-015,SKU-0052,2/16/2024,N/A,25,2/16/2024 15:59
INV-001248,CB-015,SKU-0052,2/20/2024,219,60,2/20/2024 23:02
INV-001249,CB-015,SKU-0010,3/29/2024,,37,3/29/2024 0:02
INV-001250,CB-015,SKU-0010,1/25/2024,447,43,1/25/2024 6:23
INV-001251,CB-015,SKU-0010,2/19/2024,203,15,2/19/2024 0:24
INV-001252,CB-015,SKU-0063,3/28/2024,,16,3/28/2024 5:49
INV-001253,CB-015,SKU-0007,2/2/2024,459,13,2/2/2024 13:32
INV-001254,CB-015,SKU-0006,1/24/2024,223,41,1/24/2024 20:54
INV-001255,CB-015,SKU-0006,3/3/2024,217,51,3/3/2024 4:39
INV-001256,CB-015,SKU-0006,1/27/2024,268,28,1/27/2024 23:02
INV-001257,CB-015,SKU-0054,1/31/2024,155,10,1/31/2024 16:28
INV-001258,CB-015,SKU-0062,2/13/2024,152,52,2/13/2024 17:47
INV-001259,CB-015,SKU-0039,1/18/2024,,51,1/18/2024 11:39
INV-001260,CB-015,SKU-0039,1/16/2024,N/A,38,1/16/2024 22:44
INV-001261,CB-015,SKU-0039,1/3/2024,310,42,1/3/2024 11:36
INV-001262,CB-015,SKU-0030,3/31/2024,33,28,3/31/2024 18:11
INV-001263,CB-015,SKU-0030,1/3/2024,365,26,1/3/2024 18:51
INV-001264,CB-015,SKU-0030,1/22/2024,206,55,1/22/2024 18:39
INV-001265,CB-015,SKU-0034,2/23/2024,392,34,2/23/2024 21:18
INV-001266,CB-015,SKU-0034,3/11/2024,328,48,3/11/2024 23:46
INV-001267,CB-015,SKU-0034,3/27/2024,347,39,3/27/2024 2:56
INV-001268,CB-015,SKU-0049,2/7/2024,74,33,2/7/2024 18:24
INV-001269,CB-015,SKU-0049,3/22/2024,487,19,3/22/2024 10:36
INV-001270,CB-015,SKU-0049,1/14/2024,,29,1/14/2024 18:39
INV-001271,CB-015,SKU-0061,1/23/2024,455,21,1/23/2024 7:18
INV-001272,CB-015,SKU-0035,2/25/2024,206,13,2/25/2024 13:39
INV-001273,CB-015,SKU-0004,1/3/2024,285,35,1/3/2024 20:07
INV-001274,CB-015,SKU-0004,2/28/2024,391,11,2/28/2024 20:28
INV-001275,CB-015,SKU-0004,1/23/2024,383,45,1/23/2024 23:14
INV-001276,CB-015,SKU-0050,3/18/2024,112,52,3/18/2024 19:58
INV-001277,CB-015,SKU-0050,2/16/2024,332,43,2/16/2024 4:42
INV-001278,CB-015,SKU-0050,3/12/2024,N/A,10,3/12/2024 11:26
INV-001279,CB-015,SKU-0013,1/16/2024,72,46,1/16/2024 19:27
INV-001280,CB-015,SKU-0013,2/13/2024,15,60,2/13/2024 4:25
INV-001281,CB-015,SKU-0013,3/16/2024,390,53,3/16/2024 4:27
INV-001282,CB-015,SKU-0016,2/4/2024,47,34,2/4/2024 18:24
INV-001283,CB-015,SKU-0016,2/14/2024,208,23,2/14/2024 0:35
INV-001284,CB-015,SKU-0016,3/2/2024,414,53,3/2/2024 21:56
INV-001285,CB-015,SKU-0038,1/25/2024,413,46,1/25/2024 10:59
INV-001286,CB-015,SKU-0053,2/2/2024,431,27,2/2/2024 12:34
INV-001287,CB-015,SKU-0042,1/31/2024,300,29,1/31/2024 16:17
INV-001288,CB-016,SKU-0004,1/9/2024,null,42,1/9/2024 6:04
INV-001289,CB-016,SKU-0004,1/11/2024,342,49,1/11/2024 10:52
INV-001290,CB-016,SKU-0022,1/7/2024,,13,1/7/2024 19:41
INV-001291,CB-016,SKU-0031,1/11/2024,150,14,1/11/2024 23:20
INV-001292,CB-016,SKU-0031,1/7/2024,232,21,1/7/2024 20:33
INV-001293,CB-016,SKU-0049,3/15/2024,486,36,3/15/2024 20:09
INV-001294,CB-016,SKU-0015,2/17/2024,112,27,2/17/2024 0:57
INV-001295,CB-016,SKU-0001,2/26/2024,226,35,2/26/2024 5:03
INV-001296,CB-016,SKU-0001,2/27/2024,453,35,2/27/2024 13:42
INV-001297,CB-016,SKU-0060,3/17/2024,70,45,3/17/2024 2:47
INV-001298,CB-016,SKU-0043,3/21/2024,422,34,3/21/2024 1:10
INV-001299,CB-016,SKU-0043,3/13/2024,358,14,3/13/2024 8:01
INV-001300,CB-016,SKU-0055,3/8/2024,345,14,3/8/2024 6:12
INV-001301,CB-016,SKU-0055,1/26/2024,232,18,1/26/2024 10:22
INV-001302,CB-016,SKU-0033,1/22/2024,103,35,1/22/2024 3:29
INV-001303,CB-016,SKU-0033,3/10/2024,wala,23,3/10/2024 5:43
INV-001304,CB-016,SKU-0033,1/14/2024,40,10,1/14/2024 12:07
INV-001305,CB-016,SKU-0028,2/24/2024,121,52,2/24/2024 10:08
INV-001306,CB-016,SKU-0039,3/4/2024,279,32,3/4/2024 12:07
INV-001307,CB-016,SKU-0039,1/25/2024,111,52,1/25/2024 17:18
INV-001308,CB-016,SKU-0026,2/3/2024,,47,2/3/2024 10:03
INV-001309,CB-016,SKU-0026,1/19/2024,442,42,1/19/2024 1:52
INV-001310,CB-014,SKU-0056,2/29/2024,379,52,2/29/2024 16:10
INV-001311,CB-014,SKU-0036,1/10/2024,7,50,1/10/2024 2:56
INV-001312,CB-014,SKU-0019,3/16/2024,274,16,3/16/2024 20:12
INV-001313,CB-014,SKU-0019,2/3/2024,265,36,2/3/2024 5:36
INV-001314,CB-014,SKU-0004,2/13/2024,376,60,2/13/2024 23:43
INV-001315,CB-014,SKU-0004,3/18/2024,224,37,3/18/2024 7:55
INV-001316,CB-014,SKU-0004,3/10/2024,124,42,3/10/2024 5:34
INV-001317,CB-014,SKU-0016,2/10/2024,,46,2/10/2024 14:47
INV-001318,CB-014,SKU-0016,1/3/2024,252,47,1/3/2024 17:46
INV-001319,CB-014,SKU-0016,3/22/2024,219,17,3/22/2024 14:30
INV-001320,CB-014,SKU-0029,1/8/2024,206,41,1/8/2024 7:57
INV-001321,CB-014,SKU-0029,2/21/2024,265,19,2/21/2024 0:23
INV-001322,CB-014,SKU-0029,1/1/2024,192,15,1/1/2024 21:53
INV-001323,CB-014,SKU-0014,1/24/2024,114,30,1/24/2024 21:10
INV-001324,CB-014,SKU-0044,2/20/2024,347,33,2/20/2024 0:49
INV-001325,CB-014,SKU-0017,3/10/2024,229,53,3/10/2024 8:25
INV-001326,CB-014,SKU-0017,3/13/2024,76,43,3/13/2024 20:49
INV-001327,CB-014,SKU-0054,1/10/2024,292,46,1/10/2024 12:29
INV-001328,CB-014,SKU-0007,1/6/2024,285,59,1/6/2024 21:17
INV-001329,CB-014,SKU-0007,1/31/2024,220,44,1/31/2024 9:50
INV-001330,CB-014,SKU-0007,3/10/2024,,18,3/10/2024 1:54
INV-001331,CB-014,SKU-0026,1/5/2024,487,56,1/5/2024 7:42
INV-001332,CB-014,SKU-0026,3/10/2024,221,48,3/10/2024 22:44
INV-001333,CB-014,SKU-0031,3/5/2024,496,18,3/5/2024 9:56
INV-001334,CB-014,SKU-0031,3/18/2024,172,49,3/18/2024 16:35
INV-001335,CB-014,SKU-0035,1/9/2024,N/A,38,1/9/2024 20:34
INV-001336,CB-014,SKU-0035,3/5/2024,234,58,3/5/2024 1:44
INV-001337,CB-014,SKU-0035,3/24/2024,,25,3/24/2024 17:25
INV-001338,CB-014,SKU-0055,2/19/2024,244,59,2/19/2024 21:11
INV-001339,CB-014,SKU-0055,1/4/2024,478,27,1/4/2024 12:49
INV-001340,CB-002,SKU-0009,1/20/2024,428,30,1/20/2024 16:36
INV-001341,CB-002,SKU-0009,1/26/2024,252,12,1/26/2024 20:34
INV-001342,CB-002,SKU-0060,3/28/2024,,53,3/28/2024 20:50
INV-001343,CB-002,SKU-0060,1/31/2024,N/A,11,1/31/2024 21:57
INV-001344,CB-002,SKU-0032,2/19/2024,195,31,2/19/2024 21:29
INV-001345,CB-002,SKU-0032,3/13/2024,wala,20,3/13/2024 8:57
INV-001346,CB-002,SKU-0040,1/23/2024,398,33,1/23/2024 8:16
INV-001347,CB-002,SKU-0040,1/24/2024,478,39,1/24/2024 18:25
INV-001348,CB-002,SKU-0040,1/26/2024,71,49,1/26/2024 9:11
INV-001349,CB-002,SKU-0035,2/1/2024,324,53,2/1/2024 17:47
INV-001350,CB-002,SKU-0035,3/14/2024,433,35,3/14/2024 7:55
INV-001351,CB-002,SKU-0035,1/25/2024,279,46,1/25/2024 3:21
INV-001352,CB-002,SKU-0063,1/22/2024,N/A,21,1/22/2024 17:48
INV-001353,CB-002,SKU-0063,2/13/2024,369,40,2/13/2024 5:58
INV-001354,CB-002,SKU-0025,2/19/2024,85,20,2/19/2024 12:37
INV-001355,CB-002,SKU-0025,1/29/2024,444,31,1/29/2024 16:38
INV-001356,CB-002,SKU-0061,2/17/2024,52,42,2/17/2024 3:35
INV-001357,CB-002,SKU-0061,3/31/2024,200,11,3/31/2024 20:31
INV-001358,CB-002,SKU-0061,3/7/2024,134,45,3/7/2024 10:01
INV-001359,CB-002,SKU-0010,2/11/2024,387,53,2/11/2024 9:52
INV-001360,CB-002,SKU-0010,2/3/2024,N/A,50,2/3/2024 19:07
INV-001361,CB-002,SKU-0010,3/27/2024,457,46,3/27/2024 2:59
INV-001362,CB-002,SKU-0055,3/2/2024,306,13,3/2/2024 6:33
INV-001363,CB-002,SKU-0062,2/12/2024,297,60,2/12/2024 1:05
INV-001364,CB-002,SKU-0062,2/16/2024,107,15,2/16/2024 10:18
INV-001365,CB-002,SKU-0062,2/28/2024,55,30,2/28/2024 6:06
INV-001366,CB-002,SKU-0037,1/23/2024,187,23,1/23/2024 13:30
INV-001367,CB-002,SKU-0028,3/8/2024,49,37,3/8/2024 14:54
INV-001368,CB-002,SKU-0028,2/10/2024,,27,2/10/2024 4:44
INV-001369,CB-002,SKU-0028,3/23/2024,wala,12,3/23/2024 11:11
INV-001370,CB-002,SKU-0033,2/19/2024,315,17,2/19/2024 22:37
INV-001371,CB-002,SKU-0033,3/8/2024,242,48,3/8/2024 23:53
