order_id,store_id,sku_id,supplier_id,quantity_ordered,unit_cost,order_date,expected_delivery_date,status
ORD-00001,CB-018,SKU-0045,SUP-011,27,720.53,02/12/2024,15-Feb-2024,Delivered
ORD-00002,CB-017,SKU-0005,SUP-002,76,841.25,2024-01-04,01/05/2024,Delivered
ORD-00003,CB-037,SKU-0025,SUP-005,39,76.48,18/03/2024,23/03/2024,Delivered
ORD-00004,CB-013,SKU-0047,SUP-007,199,111.91,03/28/2024,2024-04-03,Delivered
ORD-00005,CB-020,SKU-0065,SUP-005,41,938.65,2024-03-25,04/01/2024,Delivered
ORD-00006,CB-025,SKU-0023,SUP-010,117,803.21,17/01/2024,19-Jan-2024,Delivered
ORD-00007,CB-039,SKU-0042,SUP-008,120,626.87,02/06/2024,08/02/2024,Cancelled
ORD-00008,CB-043,SKU-0043,SUP-002,31,1148.52,01/22/2024,01/28/2024,Confirmed
ORD-00009,CB-040,SKU-0010,SUP-008,-16,589.0,01/26/2024,2024-01-28,Cancelled
ORD-00010,CB-042,SKU-0001,SUP-002,112,1093.11,2024-02-19,02/23/2024,Cancelled
ORD-00011,CB-008,SKU-0059,SUP-003,22,1124.96,03/07/2024,11-Mar-2024,Delivered
ORD-00012,CB-047,SKU-0065,SUP-007,123,1165.34,10/02/2024,17-Feb-2024,Cancelled
ORD-00013,CB-041,SKU-0036,SUP-009,76,686.17,2024-03-01,05/03/2024,Cancelled
ORD-00014,CB-035,SKU-0011,SUP-003,79,223.9,06/02/2024,2024-02-08,Confirmed
ORD-00015,CB-030,SKU-0054,SUP-001,114,301.47,09/01/2024,13-Jan-2024,Delivered
ORD-00016,CB-001,SKU-0046,SUP-005,157,1058.56,30-Mar-2024,31-Mar-2024,Delivered
ORD-00017,CB-039,SKU-0029,SUP-008,198,318.9,09/03/2024,2024-03-15,Delivered
ORD-00018,CB-030,SKU-0017,SUP-010,113,754.76,26-Mar-2024,01/04/2024,Cancelled
ORD-00019,CB-030,SKU-0024,SUP-001,174,375.32,2024-01-04,05/01/2024,Delivered
ORD-00020,CB-006,SKU-0061,SUP-001,117,1052.4,2024-02-18,21-Feb-2024,Confirmed
ORD-00021,CB-016,SKU-0026,SUP-001,-1,875.55,2024-03-24,25/03/2024,Pending
ORD-00022,CB-024,SKU-0022,SUP-010,129,856.04,03/13/2024,2024-03-15,Confirmed
ORD-00023,CB-037,SKU-0049,SUP-007,-10,1318.94,2024-02-09,10/02/2024,Cancelled
ORD-00024,CB-044,SKU-0016,SUP-010,188,1098.95,2024-02-01,02/02/2024,Delivered
ORD-00025,CB-027,SKU-0063,SUP-002,175,615.43,2024-01-09,14-Jan-2024,Delivered
ORD-00026,CB-034,SKU-0035,SUP-010,121,1134.36,31/03/2024,02/04/2024,Delivered
ORD-00027,CB-006,SKU-0036,SUP-008,92,352.75,16/03/2024,19/03/2024,Delivered
ORD-00028,CB-012,SKU-0063,SUP-004,136,506.43,2024-02-13,2024-02-14,Delivered
ORD-00029,CB-006,SKU-0031,SUP-012,-7,577.9,30/03/2024,2024-04-02,Delivered
ORD-00030,CB-002,SKU-0012,SUP-005,135,321.91,03/23/2024,2024-03-29,Delivered
ORD-00031,CB-028,SKU-0043,SUP-006,151,988.45,2024-02-17,2024-02-21,Pending
ORD-00032,CB-045,SKU-0024,SUP-004,40,314.69,25/01/2024,01/28/2024,Delivered
ORD-00033,CB-019,SKU-0030,SUP-006,35,263.53,2024-03-17,20/03/2024,Delivered
ORD-00034,CB-009,SKU-0063,SUP-002,151,1223.72,06/01/2024,07/01/2024,Delivered
ORD-00035,CB-031,SKU-0015,SUP-002,23,569.98,2024-02-13,02/15/2024,Pending
ORD-00036,CB-006,SKU-0032,SUP-002,154,787.93,20/01/2024,22/01/2024,Delivered
ORD-00037,CB-029,SKU-0039,SUP-010,143,1386.19,2024-01-29,02/05/2024,Delivered
ORD-00038,CB-017,SKU-0011,SUP-003,63,347.21,13/01/2024,2024-01-20,Delivered
ORD-00039,CB-003,SKU-0030,SUP-005,162,994.13,02/27/2024,04/03/2024,Cancelled
ORD-00040,CB-013,SKU-0055,SUP-002,170,769.22,01/30/2024,02-Feb-2024,Confirmed
ORD-00041,CB-039,SKU-0037,SUP-008,52,187.23,01/10/2024,01/11/2024,Delivered
ORD-00042,CB-039,SKU-0006,SUP-007,136,1032.33,05/03/2024,2024-03-10,Confirmed
ORD-00043,CB-002,SKU-0035,SUP-010,157,70.72,03/27/2024,03/04/2024,Cancelled
ORD-00044,CB-028,SKU-0063,SUP-002,56,665.96,26/02/2024,2024-02-29,Pending
ORD-00045,CB-019,SKU-0052,SUP-009,115,65.83,2024-01-21,2024-01-24,Pending
ORD-00046,CB-001,SKU-0060,SUP-007,141,90.07,21/02/2024,02/28/2024,Delivered
ORD-00047,CB-036,SKU-0017,SUP-005,23,621.79,03/21/2024,2024-03-25,Cancelled
ORD-00048,CB-020,SKU-0002,SUP-009,71,580.07,2024-03-18,25-Mar-2024,Pending
ORD-00049,CB-032,SKU-0038,SUP-009,175,992.0,29/02/2024,01/03/2024,Delivered
ORD-00050,CB-013,SKU-0018,SUP-002,151,397.6,02/01/2024,05/02/2024,Delivered
ORD-00051,CB-020,SKU-0063,SUP-003,10,633.47,04/02/2024,2024-02-11,Delivered
ORD-00052,CB-045,SKU-0031,SUP-010,92,545.41,18-Feb-2024,22/02/2024,Delivered
ORD-00053,CB-043,SKU-0020,SUP-008,107,1351.28,2024-03-01,07-Mar-2024,Delivered
ORD-00054,CB-030,SKU-0002,SUP-012,122,214.66,13-Jan-2024,20-Jan-2024,Pending
ORD-00055,CB-045,SKU-0051,SUP-011,77,126.24,2024-03-01,03/08/2024,Delivered
ORD-00056,CB-032,SKU-0005,SUP-010,170,109.76,02/18/2024,21-Feb-2024,Confirmed
ORD-00057,CB-046,SKU-0013,SUP-008,35,245.42,2024-01-12,2024-01-16,Delivered
ORD-00058,CB-010,SKU-0032,SUP-009,101,585.69,01/08/2024,2024-01-11,Confirmed
ORD-00059,CB-016,SKU-0064,SUP-010,107,213.22,11/01/2024,2024-01-16,Delivered
ORD-00060,CB-044,SKU-0021,SUP-002,129,626.8,2024-03-26,27/03/2024,Cancelled
ORD-00061,CB-020,SKU-0026,SUP-007,74,1196.87,2024-02-24,01/03/2024,Delivered
ORD-00062,CB-043,SKU-0051,SUP-005,189,26.22,14-Mar-2024,03/17/2024,Pending
ORD-00063,CB-019,SKU-0030,SUP-010,137,1125.68,2024-03-18,2024-03-24,Delivered
ORD-00064,CB-044,SKU-0018,SUP-011,194,149.57,03/27/2024,2024-04-03,Delivered
ORD-00065,CB-006,SKU-0038,SUP-006,103,1050.26,2024-01-05,2024-01-10,Delivered
ORD-00066,CB-011,SKU-0033,SUP-008,138,1354.83,2024-02-16,21-Feb-2024,Pending
ORD-00067,CB-015,SKU-0051,SUP-009,46,521.6,02/29/2024,2024-03-01,Delivered
ORD-00068,CB-044,SKU-0034,SUP-010,104,542.72,01/16/2024,2024-01-20,Cancelled
ORD-00069,CB-036,SKU-0042,SUP-010,16,321.59,2024-01-30,02/03/2024,Cancelled
ORD-00070,CB-003,SKU-0005,SUP-005,114,1394.36,2024-02-08,2024-02-14,Delivered
ORD-00071,CB-048,SKU-0054,SUP-010,126,1043.04,2024-01-18,22/01/2024,Pending
ORD-00072,CB-018,SKU-0005,SUP-012,114,528.18,03/03/2024,08-Mar-2024,Delivered
ORD-00073,CB-042,SKU-0046,SUP-001,104,566.42,2024-01-13,2024-01-19,Delivered
ORD-00074,CB-039,SKU-0003,SUP-001,64,1104.71,2024-01-12,2024-01-18,Delivered
ORD-00075,CB-014,SKU-0030,SUP-006,151,1087.5,01/27/2024,28/01/2024,Delivered
ORD-00076,CB-012,SKU-0015,SUP-011,148,1215.03,2024-01-19,2024-01-21,Confirmed
ORD-00077,CB-004,SKU-0017,SUP-012,14,598.03,2024-03-16,2024-03-19,Delivered
ORD-00078,CB-033,SKU-0029,SUP-010,161,75.06,02/16/2024,21-Feb-2024,Delivered
ORD-00079,CB-004,SKU-0062,SUP-007,174,605.39,2024-02-08,02/12/2024,Delivered
ORD-00080,CB-005,SKU-0017,SUP-005,92,879.68,10/01/2024,01/11/2024,Delivered
ORD-00081,CB-039,SKU-0056,SUP-002,85,1113.44,2024-03-17,03/22/2024,Delivered
ORD-00082,CB-027,SKU-0044,SUP-008,125,567.24,01/28/2024,2024-02-01,Delivered
ORD-00083,CB-044,SKU-0061,SUP-002,105,141.35,2024-03-26,29/03/2024,Cancelled
ORD-00084,CB-038,SKU-0043,SUP-011,43,184.29,2024-02-17,02/24/2024,Delivered
ORD-00085,CB-007,SKU-0065,SUP-004,163,229.3,07/01/2024,10-Jan-2024,Delivered
ORD-00086,CB-037,SKU-0029,SUP-007,39,1185.54,12-Mar-2024,03/15/2024,Delivered
ORD-00087,CB-043,SKU-0035,SUP-001,-30,264.88,03/27/2024,2024-04-02,Delivered
ORD-00088,CB-037,SKU-0052,SUP-002,56,211.5,02/14/2024,2024-02-15,Cancelled
ORD-00089,CB-022,SKU-0021,SUP-006,106,446.62,2024-03-08,10-Mar-2024,Delivered
ORD-00090,CB-040,SKU-0007,SUP-011,49,127.99,11/01/2024,12/01/2024,Delivered
ORD-00091,CB-033,SKU-0015,SUP-006,79,610.43,2024-02-26,03/01/2024,Delivered
ORD-00092,CB-039,SKU-0008,SUP-001,-13,298.13,08-Mar-2024,03/14/2024,Delivered
ORD-00093,CB-028,SKU-0023,SUP-003,-24,541.59,02/07/2024,10/02/2024,Cancelled
ORD-00094,CB-003,SKU-0056,SUP-001,111,651.76,2024-02-15,2024-02-16,Delivered
ORD-00095,CB-019,SKU-0015,SUP-007,191,43.89,2024-03-14,03/18/2024,Delivered
ORD-00096,CB-006,SKU-0056,SUP-002,186,351.99,28/02/2024,06/03/2024,Delivered
ORD-00097,CB-011,SKU-0010,SUP-009,96,892.02,09/02/2024,2024-02-15,Delivered
ORD-00098,CB-016,SKU-0014,SUP-003,175,369.52,2024-02-14,2024-02-20,Cancelled
ORD-00099,CB-037,SKU-0058,SUP-011,170,1294.95,10/01/2024,01/12/2024,Delivered
ORD-00100,CB-029,SKU-0009,SUP-008,170,627.46,2024-02-11,2024-02-18,Pending
ORD-00101,CB-029,SKU-0005,SUP-001,28,525.7,2024-02-15,02/20/2024,Pending
ORD-00102,CB-038,SKU-0006,SUP-008,139,1274.03,19/03/2024,2024-03-24,Delivered
ORD-00103,CB-029,SKU-0014,SUP-006,48,1375.6,2024-03-01,03/06/2024,Pending
ORD-00104,CB-034,SKU-0021,SUP-006,122,531.4,2024-02-01,07/02/2024,Delivered
ORD-00105,CB-042,SKU-0043,SUP-002,23,471.62,27/03/2024,01/04/2024,Delivered
ORD-00106,CB-038,SKU-0019,SUP-006,48,444.67,03/25/2024,03/30/2024,Confirmed
ORD-00107,CB-025,SKU-0043,SUP-003,31,943.11,03/17/2024,03/23/2024,Cancelled
ORD-00108,CB-033,SKU-0047,SUP-001,175,517.2,2024-03-08,2024-03-09,Delivered
ORD-00109,CB-019,SKU-0013,SUP-009,45,1082.66,25-Jan-2024,27-Jan-2024,Pending
ORD-00110,CB-025,SKU-0020,SUP-003,168,265.47,03/25/2024,03/28/2024,Confirmed
ORD-00111,CB-047,SKU-0031,SUP-008,115,860.67,02/26/2024,02/27/2024,Confirmed
ORD-00112,CB-031,SKU-0025,SUP-006,89,954.45,09/03/2024,11/03/2024,Delivered
ORD-00113,CB-011,SKU-0026,SUP-010,145,206.68,2024-02-18,02/23/2024,Delivered
ORD-00114,CB-008,SKU-0037,SUP-002,192,1071.92,2024-03-11,12-Mar-2024,Confirmed
ORD-00115,CB-023,SKU-0004,SUP-007,66,88.76,25/02/2024,2024-02-26,Pending
ORD-00116,CB-007,SKU-0043,SUP-003,17,205.58,2024-02-17,02/19/2024,Cancelled
ORD-00117,CB-040,SKU-0001,SUP-002,190,41.32,2024-01-18,2024-01-25,Cancelled
ORD-00118,CB-019,SKU-0031,SUP-005,118,183.76,2024-03-18,03/23/2024,Delivered
ORD-00119,CB-032,SKU-0003,SUP-011,38,728.8,2024-02-28,2024-02-29,Delivered
ORD-00120,CB-027,SKU-0024,SUP-011,100,940.48,01/01/2024,2024-01-06,Delivered
ORD-00121,CB-025,SKU-0061,SUP-001,139,895.4,10-Mar-2024,2024-03-15,Pending
ORD-00122,CB-047,SKU-0014,SUP-010,27,1033.23,2024-02-15,2024-02-22,Delivered
ORD-00123,CB-044,SKU-0060,SUP-012,174,677.77,2024-02-13,2024-02-20,Cancelled
ORD-00124,CB-013,SKU-0006,SUP-006,85,1307.72,28/02/2024,29-Feb-2024,Delivered
ORD-00125,CB-013,SKU-0037,SUP-006,19,1209.06,2024-03-01,03/04/2024,Delivered
ORD-00126,CB-026,SKU-0057,SUP-007,104,484.57,2024-01-16,01/23/2024,Delivered
ORD-00127,CB-006,SKU-0056,SUP-010,31,1393.21,2024-03-07,2024-03-10,Pending
ORD-00128,CB-029,SKU-0055,SUP-003,179,970.32,2024-01-11,2024-01-14,Delivered
ORD-00129,CB-004,SKU-0010,SUP-011,80,897.95,2024-03-19,03/23/2024,Cancelled
ORD-00130,CB-044,SKU-0057,SUP-001,46,189.83,2024-01-21,01/22/2024,Delivered
ORD-00131,CB-044,SKU-0058,SUP-006,18,530.24,02/19/2024,24/02/2024,Delivered
ORD-00132,CB-016,SKU-0015,SUP-001,90,1033.91,16/02/2024,20/02/2024,Delivered
ORD-00133,CB-014,SKU-0037,SUP-012,76,1284.32,16/01/2024,2024-01-19,Pending
ORD-00134,CB-006,SKU-0041,SUP-011,192,496.18,2024-02-27,29/02/2024,Delivered
ORD-00135,CB-041,SKU-0023,SUP-006,191,719.63,2024-01-21,2024-01-27,Confirmed
ORD-00136,CB-037,SKU-0048,SUP-008,-18,1128.07,31/01/2024,07/02/2024,Pending
ORD-00137,CB-047,SKU-0062,SUP-009,111,583.95,09/01/2024,12/01/2024,Confirmed
ORD-00138,CB-044,SKU-0045,SUP-003,28,1230.97,02/10/2024,02/16/2024,Confirmed
ORD-00139,CB-004,SKU-0016,SUP-009,138,226.93,2024-01-17,2024-01-21,Cancelled
ORD-00140,CB-006,SKU-0033,SUP-004,142,894.55,29/01/2024,2024-02-01,Delivered
ORD-00141,CB-011,SKU-0020,SUP-003,33,927.35,03/19/2024,24/03/2024,Delivered
ORD-00142,CB-042,SKU-0034,SUP-011,17,306.97,06/01/2024,13/01/2024,Pending
ORD-00143,CB-020,SKU-0062,SUP-004,149,1129.49,03/04/2024,2024-03-10,Pending
ORD-00144,CB-031,SKU-0060,SUP-004,50,486.17,2024-03-29,30-Mar-2024,Delivered
ORD-00145,CB-033,SKU-0014,SUP-006,43,349.81,2024-02-14,18/02/2024,Confirmed
ORD-00146,CB-040,SKU-0054,SUP-004,84,1348.32,13-Jan-2024,01/14/2024,Delivered
ORD-00147,CB-033,SKU-0060,SUP-008,50,1232.52,10/02/2024,2024-02-12,Delivered
ORD-00148,CB-023,SKU-0007,SUP-001,71,404.68,05/03/2024,09-Mar-2024,Cancelled
ORD-00149,CB-028,SKU-0018,SUP-005,-4,1022.6,03/01/2024,2024-03-04,Delivered
ORD-00150,CB-036,SKU-0037,SUP-002,153,550.09,07/01/2024,12/01/2024,Delivered
ORD-00151,CB-007,SKU-0051,SUP-006,40,1115.93,2024-03-28,02-Apr-2024,Confirmed
ORD-00152,CB-003,SKU-0006,SUP-001,140,204.8,2024-01-26,31/01/2024,Delivered
ORD-00153,CB-040,SKU-0041,SUP-003,141,559.24,20/01/2024,25-Jan-2024,Delivered
ORD-00154,CB-046,SKU-0039,SUP-008,140,1144.81,2024-02-13,02/18/2024,Delivered
ORD-00155,CB-041,SKU-0004,SUP-010,195,672.31,15-Mar-2024,03/18/2024,Delivered
ORD-00156,CB-031,SKU-0022,SUP-009,194,886.2,14/03/2024,16-Mar-2024,Confirmed
ORD-00157,CB-045,SKU-0015,SUP-004,18,41.23,2024-03-28,2024-03-30,Cancelled
ORD-00158,CB-031,SKU-0008,SUP-012,138,206.24,2024-01-27,2024-01-31,Cancelled
ORD-00159,CB-012,SKU-0059,SUP-009,106,489.12,2024-03-02,03/07/2024,Cancelled
ORD-00160,CB-031,SKU-0025,SUP-004,187,401.42,2024-03-28,03-Apr-2024,Delivered
ORD-00161,CB-032,SKU-0041,SUP-008,63,498.09,06-Feb-2024,02/12/2024,Delivered
ORD-00162,CB-025,SKU-0051,SUP-006,156,1337.13,02/06/2024,2024-02-07,Delivered
ORD-00163,CB-048,SKU-0062,SUP-004,123,294.86,11/01/2024,14-Jan-2024,Cancelled
ORD-00164,CB-038,SKU-0031,SUP-004,37,85.31,04-Feb-2024,2024-02-06,Confirmed
ORD-00165,CB-031,SKU-0013,SUP-011,115,1082.51,2024-01-07,08/01/2024,Confirmed
ORD-00166,CB-013,SKU-0037,SUP-006,131,410.3,2024-02-22,02/28/2024,Cancelled
ORD-00167,CB-003,SKU-0023,SUP-007,146,1236.91,2024-03-14,16-Mar-2024,Delivered
ORD-00168,CB-001,SKU-0039,SUP-010,84,849.85,04-Mar-2024,2024-03-06,Delivered
ORD-00169,CB-009,SKU-0065,SUP-008,144,392.88,03/23/2024,2024-03-28,Cancelled
ORD-00170,CB-001,SKU-0044,SUP-005,75,801.38,02/28/2024,2024-03-05,Cancelled
ORD-00171,CB-006,SKU-0052,SUP-011,119,147.11,21-Feb-2024,28/02/2024,Confirmed
ORD-00172,CB-018,SKU-0043,SUP-005,108,821.71,01/01/2024,2024-01-04,Delivered
ORD-00173,CB-030,SKU-0040,SUP-003,25,576.5,29/03/2024,31-Mar-2024,Cancelled
ORD-00174,CB-019,SKU-0048,SUP-010,40,320.88,09-Feb-2024,15/02/2024,Delivered
ORD-00175,CB-031,SKU-0028,SUP-004,116,957.27,18/03/2024,03/21/2024,Delivered
ORD-00176,CB-037,SKU-0015,SUP-001,190,1162.85,27-Feb-2024,2024-03-03,Delivered
ORD-00177,CB-029,SKU-0015,SUP-011,93,299.48,20/01/2024,2024-01-22,Delivered
ORD-00178,CB-033,SKU-0054,SUP-008,24,796.02,27/02/2024,03/05/2024,Delivered
ORD-00179,CB-048,SKU-0028,SUP-010,75,116.15,03/01/2024,01/07/2024,Delivered
ORD-00180,CB-012,SKU-0018,SUP-011,-14,1369.99,01/08/2024,09/01/2024,Delivered
ORD-00181,CB-044,SKU-0018,SUP-011,106,1206.5,2024-02-27,05-Mar-2024,Delivered
ORD-00182,CB-001,SKU-0003,SUP-005,196,656.26,03/08/2024,10/03/2024,Delivered
ORD-00183,CB-018,SKU-0025,SUP-012,127,1075.2,2024-01-30,02/01/2024,Delivered
ORD-00184,CB-039,SKU-0005,SUP-008,62,842.93,01/03/2024,2024-01-05,Cancelled
ORD-00185,CB-014,SKU-0008,SUP-003,122,712.9,2024-01-06,01/10/2024,Cancelled
ORD-00186,CB-044,SKU-0042,SUP-004,157,432.94,2024-03-14,03/17/2024,Confirmed
ORD-00187,CB-038,SKU-0023,SUP-011,80,955.07,22/02/2024,2024-02-25,Delivered
ORD-00188,CB-021,SKU-0054,SUP-007,107,221.67,2024-03-23,03/29/2024,Delivered
ORD-00189,CB-046,SKU-0019,SUP-008,67,1281.92,31/01/2024,07-Feb-2024,Delivered
ORD-00190,CB-014,SKU-0043,SUP-011,109,124.51,08/03/2024,2024-03-10,Delivered
ORD-00191,CB-039,SKU-0006,SUP-002,78,275.61,01/25/2024,01/26/2024,Delivered
ORD-00192,CB-022,SKU-0039,SUP-001,63,308.35,2024-01-28,02/01/2024,Cancelled
ORD-00193,CB-014,SKU-0051,SUP-004,188,779.63,03/02/2024,04/03/2024,Delivered
ORD-00194,CB-033,SKU-0064,SUP-008,88,151.57,24-Mar-2024,27/03/2024,Delivered
ORD-00195,CB-037,SKU-0029,SUP-012,90,217.1,2024-01-27,30-Jan-2024,Delivered
ORD-00196,CB-015,SKU-0049,SUP-010,49,1169.21,23/02/2024,02/26/2024,Cancelled
ORD-00197,CB-042,SKU-0063,SUP-008,135,248.0,02/13/2024,2024-02-16,Cancelled
ORD-00198,CB-035,SKU-0008,SUP-009,57,61.85,10-Mar-2024,14-Mar-2024,Cancelled
ORD-00199,CB-041,SKU-0030,SUP-002,11,994.43,2024-01-07,14/01/2024,Delivered
ORD-00200,CB-040,SKU-0062,SUP-011,173,690.68,2024-01-08,13/01/2024,Pending
ORD-00201,CB-019,SKU-0003,SUP-009,194,1141.22,01/03/2024,01/08/2024,Confirmed
ORD-00202,CB-013,SKU-0033,SUP-006,144,385.24,14/01/2024,2024-01-15,Delivered
ORD-00203,CB-015,SKU-0039,SUP-011,72,1161.87,2024-02-28,04-Mar-2024,Cancelled
ORD-00204,CB-036,SKU-0061,SUP-001,113,896.9,01/05/2024,2024-01-06,Delivered
ORD-00205,CB-007,SKU-0006,SUP-004,94,307.81,23-Mar-2024,30-Mar-2024,Delivered
ORD-00206,CB-018,SKU-0005,SUP-003,29,1301.34,2024-02-04,05-Feb-2024,Delivered
ORD-00207,CB-005,SKU-0039,SUP-003,192,796.08,19/01/2024,26-Jan-2024,Cancelled
ORD-00208,CB-009,SKU-0011,SUP-009,108,1047.46,2024-03-10,2024-03-13,Confirmed
ORD-00209,CB-039,SKU-0051,SUP-006,164,56.03,2024-01-10,13-Jan-2024,Delivered
ORD-00210,CB-028,SKU-0024,SUP-011,151,826.44,30/01/2024,02/02/2024,Delivered
ORD-00211,CB-010,SKU-0049,SUP-012,28,1100.69,2024-02-01,07/02/2024,Delivered
ORD-00212,CB-029,SKU-0047,SUP-005,11,156.59,2024-01-14,15/01/2024,Delivered
ORD-00213,CB-006,SKU-0046,SUP-009,114,143.89,12/03/2024,2024-03-17,Delivered
ORD-00214,CB-006,SKU-0032,SUP-010,115,736.73,01/02/2024,2024-01-05,Delivered
ORD-00215,CB-011,SKU-0056,SUP-005,136,598.23,08/02/2024,2024-02-11,Delivered
ORD-00216,CB-040,SKU-0026,SUP-008,170,163.16,2024-02-01,07-Feb-2024,Delivered
ORD-00217,CB-028,SKU-0018,SUP-005,94,459.12,20-Mar-2024,2024-03-24,Delivered
ORD-00218,CB-045,SKU-0063,SUP-010,91,1098.03,2024-01-23,2024-01-27,Delivered
ORD-00219,CB-035,SKU-0024,SUP-011,154,1078.15,2024-02-16,02/17/2024,Cancelled
ORD-00220,CB-005,SKU-0053,SUP-011,84,706.53,01/27/2024,2024-01-31,Cancelled
ORD-00221,CB-005,SKU-0058,SUP-010,118,678.74,20/01/2024,26/01/2024,Cancelled
ORD-00222,CB-024,SKU-0011,SUP-002,19,1080.0,02/23/2024,2024-02-28,Cancelled
ORD-00223,CB-044,SKU-0052,SUP-006,154,1352.52,19/03/2024,2024-03-20,Delivered
ORD-00224,CB-045,SKU-0029,SUP-008,142,533.16,29/01/2024,02/03/2024,Cancelled
ORD-00225,CB-031,SKU-0014,SUP-005,98,591.13,05-Mar-2024,2024-03-07,Cancelled
ORD-00226,CB-014,SKU-0062,SUP-006,89,674.49,19/01/2024,01/22/2024,Delivered
ORD-00227,CB-008,SKU-0003,SUP-006,21,912.44,01/09/2024,2024-01-12,Cancelled
ORD-00228,CB-022,SKU-0055,SUP-008,54,336.12,01/02/2024,2024-02-06,Cancelled
ORD-00229,CB-013,SKU-0058,SUP-010,-20,609.93,2024-03-25,2024-03-29,Delivered
ORD-00230,CB-035,SKU-0024,SUP-006,26,466.49,31/03/2024,2024-04-07,Delivered
ORD-00231,CB-040,SKU-0051,SUP-010,90,173.21,2024-03-08,14/03/2024,Confirmed
ORD-00232,CB-038,SKU-0011,SUP-011,86,200.52,2024-03-27,2024-04-02,Confirmed
ORD-00233,CB-027,SKU-0018,SUP-010,46,546.44,2024-02-17,02/23/2024,Cancelled
ORD-00234,CB-019,SKU-0018,SUP-003,152,450.69,23/03/2024,2024-03-25,Delivered
ORD-00235,CB-025,SKU-0065,SUP-011,44,700.53,01/02/2024,06/01/2024,Delivered
ORD-00236,CB-015,SKU-0038,SUP-001,31,395.67,03/03/2024,2024-03-05,Delivered
ORD-00237,CB-008,SKU-0015,SUP-005,136,1088.53,03/13/2024,2024-03-19,Pending
ORD-00238,CB-007,SKU-0032,SUP-005,65,1226.61,2024-02-26,2024-03-02,Pending
ORD-00239,CB-016,SKU-0027,SUP-012,40,829.27,2024-02-26,03/04/2024,Cancelled
ORD-00240,CB-014,SKU-0027,SUP-001,167,804.55,24/02/2024,26/02/2024,Confirmed
ORD-00241,CB-018,SKU-0013,SUP-003,84,1348.44,02/11/2024,17-Feb-2024,Delivered
ORD-00242,CB-016,SKU-0019,SUP-012,189,461.1,2024-03-24,26-Mar-2024,Delivered
ORD-00243,CB-041,SKU-0054,SUP-007,157,641.01,03/03/2024,05-Mar-2024,Pending
ORD-00244,CB-024,SKU-0059,SUP-008,81,468.3,2024-02-21,02/26/2024,Cancelled
ORD-00245,CB-045,SKU-0046,SUP-002,127,1117.01,12/01/2024,18-Jan-2024,Confirmed
ORD-00246,CB-022,SKU-0017,SUP-010,92,1195.61,03/04/2024,07-Mar-2024,Pending
ORD-00247,CB-030,SKU-0003,SUP-002,170,1302.26,2024-01-06,07/01/2024,Delivered
ORD-00248,CB-020,SKU-0021,SUP-005,43,144.28,2024-01-26,2024-02-01,Cancelled
ORD-00249,CB-020,SKU-0030,SUP-007,23,922.85,03/24/2024,2024-03-26,Delivered
ORD-00250,CB-044,SKU-0057,SUP-001,161,26.17,2024-01-10,2024-01-12,Delivered
ORD-00251,CB-025,SKU-0012,SUP-012,132,1131.25,2024-03-29,2024-03-31,Delivered
ORD-00252,CB-044,SKU-0019,SUP-002,44,749.75,2024-01-18,01/22/2024,Delivered
ORD-00253,CB-010,SKU-0053,SUP-010,64,965.89,14-Feb-2024,2024-02-20,Pending
ORD-00254,CB-025,SKU-0045,SUP-007,41,450.59,2024-01-18,2024-01-25,Pending
ORD-00255,CB-039,SKU-0037,SUP-012,163,52.15,01-Feb-2024,06-Feb-2024,Confirmed
ORD-00256,CB-026,SKU-0038,SUP-011,140,90.58,07-Mar-2024,12-Mar-2024,Delivered
ORD-00257,CB-039,SKU-0010,SUP-009,71,1245.88,2024-02-19,2024-02-20,Delivered
ORD-00258,CB-035,SKU-0023,SUP-008,155,1336.92,01/17/2024,2024-01-21,Pending
ORD-00259,CB-026,SKU-0065,SUP-005,-2,885.57,02/01/2024,05/01/2024,Cancelled
ORD-00260,CB-040,SKU-0020,SUP-005,173,130.78,2024-02-21,22-Feb-2024,Confirmed
ORD-00261,CB-042,SKU-0009,SUP-005,110,982.67,03/09/2024,12-Mar-2024,Pending
ORD-00262,CB-040,SKU-0008,SUP-005,121,937.52,02/01/2024,2024-02-02,Pending
ORD-00263,CB-023,SKU-0034,SUP-003,-16,530.04,03/31/2024,02-Apr-2024,Cancelled
ORD-00264,CB-028,SKU-0035,SUP-009,17,103.46,01/16/2024,23/01/2024,Pending
ORD-00265,CB-032,SKU-0022,SUP-006,140,232.87,03/04/2024,08-Mar-2024,Cancelled
ORD-00266,CB-003,SKU-0002,SUP-004,199,78.68,2024-01-15,17-Jan-2024,Confirmed
ORD-00267,CB-027,SKU-0029,SUP-006,192,358.84,05-Jan-2024,2024-01-10,Pending
ORD-00268,CB-004,SKU-0023,SUP-004,40,1129.01,14-Mar-2024,17-Mar-2024,Pending
ORD-00269,CB-020,SKU-0042,SUP-002,82,781.03,2024-02-29,2024-03-07,Delivered
ORD-00270,CB-024,SKU-0064,SUP-004,169,1029.46,08/02/2024,02/14/2024,Confirmed
ORD-00271,CB-023,SKU-0002,SUP-006,16,17.02,01/01/2024,05-Jan-2024,Cancelled
ORD-00272,CB-016,SKU-0054,SUP-008,62,1346.24,09-Feb-2024,2024-02-10,Delivered
ORD-00273,CB-034,SKU-0053,SUP-012,69,1255.38,12/01/2024,01/13/2024,Delivered
ORD-00274,CB-026,SKU-0010,SUP-010,44,801.43,13/01/2024,18-Jan-2024,Confirmed
ORD-00275,CB-026,SKU-0042,SUP-006,90,642.07,2024-02-07,10-Feb-2024,Confirmed
ORD-00276,CB-029,SKU-0060,SUP-006,49,578.02,15/03/2024,16-Mar-2024,Confirmed
ORD-00277,CB-008,SKU-0012,SUP-003,128,1133.52,2024-02-27,03/01/2024,Delivered
ORD-00278,CB-046,SKU-0032,SUP-006,93,563.8,2024-01-06,2024-01-08,Confirmed
ORD-00279,CB-036,SKU-0032,SUP-002,125,654.93,01/04/2024,2024-01-08,Pending
ORD-00280,CB-026,SKU-0048,SUP-011,66,887.96,01/08/2024,15/01/2024,Delivered
ORD-00281,CB-042,SKU-0057,SUP-003,26,142.39,10-Jan-2024,01/11/2024,Pending
ORD-00282,CB-037,SKU-0056,SUP-012,22,562.07,2024-01-06,01/10/2024,Confirmed
ORD-00283,CB-029,SKU-0020,SUP-001,57,865.54,15/02/2024,02/17/2024,Delivered
ORD-00284,CB-018,SKU-0050,SUP-003,132,595.64,02/22/2024,02/27/2024,Confirmed
ORD-00285,CB-025,SKU-0046,SUP-008,149,769.16,21/03/2024,28-Mar-2024,Delivered
ORD-00286,CB-021,SKU-0029,SUP-001,79,1255.63,02/11/2024,2024-02-15,Delivered
ORD-00287,CB-011,SKU-0013,SUP-004,159,924.76,2024-03-08,03/11/2024,Cancelled
ORD-00288,CB-025,SKU-0046,SUP-003,66,258.9,08/01/2024,01/15/2024,Cancelled
ORD-00289,CB-023,SKU-0019,SUP-010,17,1328.49,15-Feb-2024,02/20/2024,Delivered
ORD-00290,CB-006,SKU-0008,SUP-004,54,848.3,2024-03-10,13/03/2024,Delivered
ORD-00291,CB-012,SKU-0042,SUP-001,43,45.35,19/03/2024,21-Mar-2024,Pending
ORD-00292,CB-024,SKU-0051,SUP-010,103,154.93,2024-03-08,2024-03-15,Confirmed
ORD-00293,CB-042,SKU-0041,SUP-003,173,994.45,25/02/2024,03-Mar-2024,Delivered
ORD-00294,CB-012,SKU-0049,SUP-005,180,1031.58,2024-02-15,2024-02-17,Pending
ORD-00295,CB-037,SKU-0005,SUP-003,110,849.31,30-Mar-2024,04-Apr-2024,Confirmed
ORD-00296,CB-010,SKU-0043,SUP-012,36,122.76,2024-03-22,2024-03-27,Cancelled
ORD-00297,CB-047,SKU-0043,SUP-008,191,30.78,2024-01-12,01/19/2024,Delivered
ORD-00298,CB-004,SKU-0050,SUP-008,37,1029.63,02-Feb-2024,09-Feb-2024,Delivered
ORD-00299,CB-031,SKU-0029,SUP-003,149,640.03,02/18/2024,2024-02-21,Pending
ORD-00300,CB-011,SKU-0049,SUP-003,36,1028.8,10/02/2024,13-Feb-2024,Pending
ORD-00301,CB-046,SKU-0004,SUP-007,167,1320.28,2024-02-13,18-Feb-2024,Confirmed
ORD-00302,CB-013,SKU-0053,SUP-012,94,782.45,07-Jan-2024,08/01/2024,Cancelled
ORD-00303,CB-026,SKU-0063,SUP-003,70,90.49,2024-02-06,2024-02-09,Cancelled
ORD-00304,CB-002,SKU-0027,SUP-003,132,898.89,21-Mar-2024,26/03/2024,Pending
ORD-00305,CB-043,SKU-0034,SUP-002,111,903.98,09/02/2024,2024-02-16,Delivered
ORD-00306,CB-030,SKU-0034,SUP-004,-15,1174.35,17/02/2024,2024-02-19,Cancelled
ORD-00307,CB-035,SKU-0053,SUP-010,31,330.11,2024-03-26,27/03/2024,Delivered
ORD-00308,CB-031,SKU-0031,SUP-008,185,428.91,23/02/2024,28-Feb-2024,Pending
ORD-00309,CB-044,SKU-0019,SUP-002,142,1329.72,05/03/2024,10-Mar-2024,Confirmed
ORD-00310,CB-028,SKU-0011,SUP-011,59,618.02,28-Jan-2024,02/04/2024,Delivered
ORD-00311,CB-005,SKU-0012,SUP-007,196,785.56,03/02/2024,06-Feb-2024,Delivered
ORD-00312,CB-040,SKU-0054,SUP-002,13,589.0,2024-02-28,06/03/2024,Pending
ORD-00313,CB-035,SKU-0045,SUP-007,35,380.83,01/14/2024,19/01/2024,Delivered
ORD-00314,CB-040,SKU-0052,SUP-001,80,563.17,05-Jan-2024,01/07/2024,Pending
ORD-00315,CB-020,SKU-0040,SUP-005,-27,1182.34,01-Mar-2024,03/04/2024,Confirmed
ORD-00316,CB-021,SKU-0035,SUP-012,200,592.23,01/18/2024,2024-01-21,Confirmed
ORD-00317,CB-024,SKU-0008,SUP-009,134,1111.21,2024-02-22,02/28/2024,Delivered
ORD-00318,CB-002,SKU-0023,SUP-004,144,1227.13,2024-01-18,2024-01-25,Pending
ORD-00319,CB-018,SKU-0048,SUP-008,102,714.6,02/28/2024,2024-02-29,Pending
ORD-00320,CB-012,SKU-0061,SUP-010,135,778.6,2024-01-31,03-Feb-2024,Delivered
ORD-00321,CB-011,SKU-0028,SUP-004,-2,911.62,03/29/2024,2024-03-30,Delivered
ORD-00322,CB-009,SKU-0023,SUP-010,-30,1124.2,2024-03-06,07/03/2024,Delivered
ORD-00323,CB-025,SKU-0045,SUP-008,80,364.02,31/03/2024,04/06/2024,Delivered
ORD-00324,CB-024,SKU-0037,SUP-005,-22,962.91,20/02/2024,2024-02-25,Delivered
ORD-00325,CB-046,SKU-0039,SUP-004,80,222.65,03/22/2024,25-Mar-2024,Delivered
ORD-00326,CB-047,SKU-0004,SUP-011,91,703.86,2024-02-21,27-Feb-2024,Delivered
ORD-00327,CB-037,SKU-0025,SUP-006,19,1021.27,2024-02-19,25/02/2024,Delivered
ORD-00328,CB-011,SKU-0024,SUP-005,139,150.18,2024-03-26,2024-03-29,Delivered
ORD-00329,CB-015,SKU-0046,SUP-004,95,1045.73,2024-01-24,01/30/2024,Delivered
ORD-00330,CB-008,SKU-0061,SUP-001,159,1214.95,17/02/2024,20-Feb-2024,Pending
ORD-00331,CB-044,SKU-0049,SUP-009,138,428.22,2024-03-01,03-Mar-2024,Confirmed
ORD-00332,CB-030,SKU-0019,SUP-006,114,1209.42,2024-01-26,2024-01-29,Delivered
ORD-00333,CB-001,SKU-0058,SUP-005,90,304.99,03/21/2024,23/03/2024,Confirmed
ORD-00334,CB-028,SKU-0055,SUP-007,32,609.2,03/03/2024,2024-03-10,Delivered
ORD-00335,CB-021,SKU-0025,SUP-001,105,952.3,01/26/2024,2024-02-01,Cancelled
ORD-00336,CB-033,SKU-0040,SUP-003,43,105.42,2024-02-14,17-Feb-2024,Delivered
ORD-00337,CB-044,SKU-0018,SUP-006,144,1394.65,07/03/2024,03/12/2024,Confirmed
ORD-00338,CB-009,SKU-0028,SUP-012,68,45.35,21/02/2024,2024-02-22,Cancelled
ORD-00339,CB-041,SKU-0033,SUP-009,19,878.04,24/03/2024,2024-03-31,Pending
ORD-00340,CB-027,SKU-0057,SUP-007,-4,186.18,2024-03-24,03/31/2024,Confirmed
ORD-00341,CB-043,SKU-0013,SUP-011,-14,735.63,03/29/2024,04/04/2024,Delivered
ORD-00342,CB-019,SKU-0015,SUP-002,194,704.37,14/01/2024,01/19/2024,Delivered
ORD-00343,CB-011,SKU-0006,SUP-009,190,702.45,2024-01-26,29-Jan-2024,Delivered
ORD-00344,CB-008,SKU-0064,SUP-003,13,1329.98,01/31/2024,2024-02-01,Cancelled
ORD-00345,CB-019,SKU-0034,SUP-008,174,84.36,01/13/2024,16-Jan-2024,Delivered
ORD-00346,CB-048,SKU-0015,SUP-002,183,1193.98,16-Feb-2024,2024-02-23,Confirmed
ORD-00347,CB-029,SKU-0035,SUP-012,53,143.74,03/25/2024,2024-03-31,Delivered
ORD-00348,CB-045,SKU-0062,SUP-007,79,913.65,02/21/2024,2024-02-25,Cancelled
ORD-00349,CB-038,SKU-0062,SUP-010,50,954.57,2024-01-08,2024-01-15,Delivered
ORD-00350,CB-047,SKU-0017,SUP-008,185,1289.75,2024-03-19,20/03/2024,Pending
ORD-00351,CB-046,SKU-0029,SUP-011,177,1224.3,09/01/2024,01/12/2024,Delivered
ORD-00352,CB-031,SKU-0045,SUP-011,179,951.67,13/01/2024,17-Jan-2024,Delivered
ORD-00353,CB-011,SKU-0065,SUP-008,12,1194.84,19-Mar-2024,2024-03-20,Delivered
ORD-00354,CB-004,SKU-0065,SUP-004,94,777.44,2024-02-11,02/13/2024,Pending
ORD-00355,CB-032,SKU-0058,SUP-006,156,179.41,28/02/2024,03/03/2024,Pending
ORD-00356,CB-001,SKU-0012,SUP-010,19,1348.99,02/21/2024,25-Feb-2024,Delivered
ORD-00357,CB-022,SKU-0047,SUP-001,181,1145.98,27-Jan-2024,2024-02-02,Delivered
ORD-00358,CB-046,SKU-0058,SUP-002,193,149.95,03/17/2024,2024-03-21,Delivered
ORD-00359,CB-024,SKU-0014,SUP-001,84,1257.17,22/03/2024,03/29/2024,Cancelled
ORD-00360,CB-013,SKU-0016,SUP-007,75,313.59,02/22/2024,2024-02-23,Delivered
ORD-00361,CB-044,SKU-0016,SUP-008,-21,648.48,14/01/2024,21/01/2024,Delivered
ORD-00362,CB-028,SKU-0062,SUP-009,-30,1096.8,01-Jan-2024,01/06/2024,Confirmed
ORD-00363,CB-039,SKU-0042,SUP-009,109,1235.73,17/01/2024,18/01/2024,Cancelled
ORD-00364,CB-019,SKU-0058,SUP-003,111,206.38,01/02/2024,04-Feb-2024,Delivered
ORD-00365,CB-021,SKU-0028,SUP-004,189,305.45,02/08/2024,02/15/2024,Cancelled
ORD-00366,CB-012,SKU-0065,SUP-009,176,976.62,2024-01-17,2024-01-23,Delivered
ORD-00367,CB-043,SKU-0054,SUP-011,159,1050.8,12-Mar-2024,2024-03-16,Delivered
ORD-00368,CB-004,SKU-0008,SUP-004,-5,384.76,01/02/2024,07-Jan-2024,Cancelled
ORD-00369,CB-019,SKU-0027,SUP-009,25,59.74,02/02/2024,2024-02-04,Cancelled
ORD-00370,CB-036,SKU-0050,SUP-004,67,722.63,03/12/2024,03/19/2024,Cancelled
ORD-00371,CB-044,SKU-0041,SUP-009,107,89.52,03/26/2024,2024-03-27,Delivered
ORD-00372,CB-024,SKU-0026,SUP-012,190,1350.54,2024-01-29,2024-02-04,Cancelled
ORD-00373,CB-008,SKU-0049,SUP-001,54,608.48,10/01/2024,2024-01-12,Delivered
ORD-00374,CB-010,SKU-0006,SUP-003,94,1301.15,02/02/2024,02/03/2024,Cancelled
ORD-00375,CB-037,SKU-0046,SUP-002,179,1100.88,2024-03-19,2024-03-26,Confirmed
ORD-00376,CB-035,SKU-0052,SUP-002,139,498.92,07-Mar-2024,03/08/2024,Delivered
ORD-00377,CB-040,SKU-0061,SUP-009,65,1155.81,16-Feb-2024,2024-02-19,Cancelled
ORD-00378,CB-040,SKU-0032,SUP-001,71,960.33,2024-02-14,18-Feb-2024,Pending
ORD-00379,CB-002,SKU-0048,SUP-009,148,1126.9,19/02/2024,2024-02-22,Cancelled
ORD-00380,CB-007,SKU-0022,SUP-009,141,753.49,01/25/2024,2024-01-28,Cancelled
ORD-00381,CB-007,SKU-0027,SUP-009,185,1162.82,28-Jan-2024,02/04/2024,Delivered
ORD-00382,CB-010,SKU-0004,SUP-008,28,1007.86,2024-03-23,2024-03-30,Confirmed
ORD-00383,CB-015,SKU-0034,SUP-007,28,552.43,02/02/2024,07/02/2024,Pending
ORD-00384,CB-042,SKU-0009,SUP-012,40,826.07,02/19/2024,2024-02-25,Delivered
ORD-00385,CB-006,SKU-0037,SUP-008,185,543.26,01/14/2024,2024-01-17,Confirmed
ORD-00386,CB-035,SKU-0038,SUP-011,44,214.54,03/09/2024,11-Mar-2024,Cancelled
ORD-00387,CB-036,SKU-0019,SUP-002,12,72.86,23/03/2024,26/03/2024,Delivered
ORD-00388,CB-047,SKU-0045,SUP-004,63,586.53,01/11/2024,14/01/2024,Confirmed
ORD-00389,CB-013,SKU-0015,SUP-003,167,944.3,24/01/2024,2024-01-26,Delivered
ORD-00390,CB-043,SKU-0009,SUP-005,150,151.01,02/29/2024,06/03/2024,Delivered
ORD-00391,CB-007,SKU-0037,SUP-010,181,111.69,2024-02-15,17/02/2024,Delivered
ORD-00392,CB-010,SKU-0047,SUP-006,88,1342.74,2024-03-19,2024-03-25,Confirmed
ORD-00393,CB-009,SKU-0043,SUP-008,80,656.05,2024-03-23,2024-03-27,Delivered
ORD-00394,CB-018,SKU-0018,SUP-009,175,287.06,01/14/2024,01/16/2024,Cancelled
ORD-00395,CB-038,SKU-0052,SUP-010,139,309.67,2024-01-10,2024-01-11,Delivered
ORD-00396,CB-015,SKU-0038,SUP-003,48,658.61,01/03/2024,07/03/2024,Delivered
ORD-00397,CB-040,SKU-0022,SUP-009,71,209.41,2024-01-02,08/01/2024,Delivered
ORD-00398,CB-031,SKU-0046,SUP-001,47,318.06,25/03/2024,2024-04-01,Delivered
ORD-00399,CB-024,SKU-0050,SUP-008,181,1286.29,30-Jan-2024,2024-01-31,Cancelled
ORD-00400,CB-041,SKU-0036,SUP-012,190,379.69,11/02/2024,2024-02-12,Cancelled
ORD-00401,CB-005,SKU-0033,SUP-007,160,1362.15,2024-02-18,21/02/2024,Delivered
ORD-00402,CB-001,SKU-0065,SUP-003,133,624.26,2024-03-03,10/03/2024,Delivered
ORD-00403,CB-039,SKU-0016,SUP-011,57,334.03,01/28/2024,01/30/2024,Delivered
ORD-00404,CB-011,SKU-0053,SUP-001,132,352.48,2024-03-27,31/03/2024,Confirmed
ORD-00405,CB-010,SKU-0008,SUP-003,20,372.69,2024-03-21,26-Mar-2024,Delivered
ORD-00406,CB-047,SKU-0037,SUP-002,14,314.98,13/03/2024,19/03/2024,Delivered
ORD-00407,CB-038,SKU-0024,SUP-010,115,928.61,2024-01-22,01/24/2024,Delivered
ORD-00408,CB-025,SKU-0050,SUP-003,161,165.37,2024-02-28,04-Mar-2024,Delivered
ORD-00409,CB-012,SKU-0061,SUP-010,48,845.74,28-Mar-2024,01/04/2024,Pending
ORD-00410,CB-039,SKU-0001,SUP-011,178,914.19,12/01/2024,2024-01-16,Pending
ORD-00411,CB-031,SKU-0049,SUP-006,119,830.83,03/30/2024,04/04/2024,Cancelled
ORD-00412,CB-031,SKU-0030,SUP-002,118,407.32,14-Mar-2024,15/03/2024,Confirmed
ORD-00413,CB-037,SKU-0016,SUP-009,200,24.96,01/01/2024,01/07/2024,Delivered
ORD-00414,CB-042,SKU-0033,SUP-005,37,1199.14,22/02/2024,2024-02-25,Delivered
ORD-00415,CB-036,SKU-0062,SUP-003,62,527.74,28/03/2024,2024-04-01,Delivered
ORD-00416,CB-009,SKU-0016,SUP-012,190,333.23,03/14/2024,17-Mar-2024,Pending
ORD-00417,CB-036,SKU-0007,SUP-003,112,553.91,01/28/2024,02/02/2024,Confirmed
ORD-00418,CB-017,SKU-0029,SUP-006,121,125.86,2024-03-01,06/03/2024,Delivered
ORD-00419,CB-039,SKU-0008,SUP-003,143,901.8,19/03/2024,2024-03-25,Cancelled
ORD-00420,CB-033,SKU-0030,SUP-010,-20,249.73,2024-03-07,2024-03-10,Pending
ORD-00421,CB-023,SKU-0051,SUP-007,80,826.72,21/01/2024,01/22/2024,Pending
ORD-00422,CB-036,SKU-0045,SUP-006,82,1349.15,2024-01-12,17/01/2024,Confirmed
ORD-00423,CB-027,SKU-0065,SUP-002,-6,788.7,28/02/2024,2024-03-03,Pending
ORD-00424,CB-037,SKU-0033,SUP-012,147,628.23,2024-03-06,09/03/2024,Confirmed
ORD-00425,CB-038,SKU-0004,SUP-008,127,176.03,2024-02-13,02/20/2024,Confirmed
ORD-00426,CB-027,SKU-0046,SUP-009,68,756.88,03/27/2024,2024-04-02,Delivered
ORD-00427,CB-022,SKU-0010,SUP-009,182,1304.98,12/01/2024,2024-01-16,Delivered
ORD-00428,CB-013,SKU-0064,SUP-012,184,291.54,02/04/2024,06-Feb-2024,Confirmed
ORD-00429,CB-023,SKU-0020,SUP-002,73,181.03,2024-01-30,01-Feb-2024,Delivered
ORD-00430,CB-031,SKU-0048,SUP-010,148,451.85,19-Mar-2024,20-Mar-2024,Delivered
ORD-00431,CB-033,SKU-0036,SUP-007,56,322.6,05/02/2024,2024-02-09,Delivered
ORD-00432,CB-026,SKU-0023,SUP-008,18,1367.46,03/02/2024,07/03/2024,Cancelled
ORD-00433,CB-038,SKU-0013,SUP-006,182,515.82,02-Jan-2024,2024-01-03,Delivered
ORD-00434,CB-022,SKU-0047,SUP-003,130,705.8,2024-01-31,02/03/2024,Delivered
ORD-00435,CB-012,SKU-0017,SUP-010,112,965.13,02/16/2024,02/23/2024,Confirmed
ORD-00436,CB-048,SKU-0020,SUP-008,107,1130.85,2024-03-12,16/03/2024,Cancelled
ORD-00437,CB-032,SKU-0039,SUP-005,194,793.56,07/03/2024,12/03/2024,Cancelled
ORD-00438,CB-031,SKU-0013,SUP-008,65,1046.26,2024-01-21,2024-01-22,Delivered
ORD-00439,CB-023,SKU-0026,SUP-010,15,812.61,02/02/2024,2024-02-05,Delivered
ORD-00440,CB-048,SKU-0058,SUP-002,182,542.78,2024-02-15,02/18/2024,Confirmed
ORD-00441,CB-040,SKU-0052,SUP-002,96,124.57,2024-01-22,2024-01-28,Cancelled
ORD-00442,CB-026,SKU-0035,SUP-008,78,1096.65,07-Feb-2024,02/13/2024,Delivered
ORD-00443,CB-002,SKU-0017,SUP-012,52,339.96,2024-02-27,03/02/2024,Cancelled
ORD-00444,CB-007,SKU-0009,SUP-008,52,774.58,2024-01-11,13/01/2024,Pending
ORD-00445,CB-042,SKU-0050,SUP-005,168,332.66,01/14/2024,17/01/2024,Confirmed
ORD-00446,CB-023,SKU-0042,SUP-008,-22,662.06,17-Jan-2024,22-Jan-2024,Delivered
ORD-00447,CB-038,SKU-0059,SUP-011,188,1052.24,26-Feb-2024,28/02/2024,Cancelled
ORD-00448,CB-031,SKU-0030,SUP-002,89,626.98,2024-03-22,2024-03-27,Delivered
ORD-00449,CB-009,SKU-0045,SUP-005,143,664.84,2024-01-02,03-Jan-2024,Delivered
ORD-00450,CB-039,SKU-0030,SUP-001,120,774.27,2024-02-08,09-Feb-2024,Delivered
ORD-00451,CB-042,SKU-0050,SUP-007,51,320.52,2024-02-20,02/22/2024,Delivered
ORD-00452,CB-019,SKU-0035,SUP-007,187,275.38,2024-03-19,2024-03-26,Pending
ORD-00453,CB-045,SKU-0063,SUP-004,168,459.09,2024-03-22,26-Mar-2024,Pending
ORD-00454,CB-046,SKU-0057,SUP-012,82,26.36,2024-01-24,2024-01-25,Confirmed
ORD-00455,CB-032,SKU-0048,SUP-008,89,980.25,2024-02-13,2024-02-17,Confirmed
ORD-00456,CB-031,SKU-0024,SUP-004,110,1255.54,2024-01-08,11/01/2024,Pending
ORD-00457,CB-029,SKU-0032,SUP-012,192,1392.43,2024-01-16,01/23/2024,Pending
ORD-00458,CB-044,SKU-0040,SUP-006,63,234.68,03/07/2024,03/13/2024,Delivered
ORD-00459,CB-020,SKU-0026,SUP-006,74,1244.21,07-Mar-2024,2024-03-08,Pending
ORD-00460,CB-011,SKU-0036,SUP-010,121,180.71,01/31/2024,2024-02-06,Pending
ORD-00461,CB-039,SKU-0020,SUP-006,186,1082.55,2024-03-15,22/03/2024,Cancelled
ORD-00462,CB-023,SKU-0020,SUP-012,170,757.85,2024-03-20,23/03/2024,Delivered
ORD-00463,CB-029,SKU-0025,SUP-001,175,969.61,2024-03-12,2024-03-19,Pending
ORD-00464,CB-035,SKU-0063,SUP-004,122,799.88,03/03/2024,2024-03-09,Delivered
ORD-00465,CB-036,SKU-0021,SUP-002,163,750.63,05/02/2024,02/12/2024,Delivered
ORD-00466,CB-033,SKU-0049,SUP-012,10,271.96,2024-02-16,20-Feb-2024,Delivered
ORD-00467,CB-035,SKU-0050,SUP-004,194,740.84,31/01/2024,03/02/2024,Delivered
ORD-00468,CB-008,SKU-0013,SUP-009,114,927.56,2024-02-06,09-Feb-2024,Confirmed
ORD-00469,CB-007,SKU-0005,SUP-010,37,903.83,05/01/2024,07/01/2024,Delivered
ORD-00470,CB-039,SKU-0010,SUP-001,-8,1303.34,2024-03-30,04/04/2024,Pending
ORD-00471,CB-036,SKU-0054,SUP-006,173,1115.04,2024-02-29,07/03/2024,Delivered
ORD-00472,CB-005,SKU-0028,SUP-009,28,149.51,01/06/2024,12/01/2024,Confirmed
ORD-00473,CB-041,SKU-0023,SUP-009,178,1052.63,25/01/2024,2024-01-30,Cancelled
ORD-00474,CB-043,SKU-0055,SUP-002,182,246.03,2024-03-14,17/03/2024,Delivered
ORD-00475,CB-029,SKU-0046,SUP-006,146,776.86,25-Mar-2024,27-Mar-2024,Delivered
ORD-00476,CB-016,SKU-0028,SUP-007,195,1075.51,22-Mar-2024,2024-03-26,Delivered
ORD-00477,CB-019,SKU-0003,SUP-009,10,202.09,27-Feb-2024,2024-03-02,Confirmed
ORD-00478,CB-045,SKU-0036,SUP-009,-27,723.11,28/01/2024,04/02/2024,Pending
ORD-00479,CB-017,SKU-0047,SUP-010,101,361.05,2024-01-05,2024-01-09,Delivered
ORD-00480,CB-047,SKU-0042,SUP-008,65,254.47,02/21/2024,02/26/2024,Delivered
ORD-00481,CB-047,SKU-0049,SUP-002,174,1095.47,13-Jan-2024,2024-01-18,Delivered
ORD-00482,CB-015,SKU-0002,SUP-011,40,1091.72,23/02/2024,2024-03-01,Pending
ORD-00483,CB-033,SKU-0029,SUP-003,154,84.97,02/10/2024,15/02/2024,Delivered
ORD-00484,CB-028,SKU-0038,SUP-007,139,220.0,2024-03-17,22/03/2024,Cancelled
ORD-00485,CB-026,SKU-0065,SUP-007,112,1086.75,2024-01-07,2024-01-12,Delivered
ORD-00486,CB-013,SKU-0032,SUP-004,111,114.23,01/26/2024,2024-01-30,Delivered
ORD-00487,CB-024,SKU-0045,SUP-004,181,459.22,12/01/2024,2024-01-13,Delivered
ORD-00488,CB-029,SKU-0019,SUP-008,167,77.16,01/22/2024,2024-01-25,Delivered
ORD-00489,CB-008,SKU-0007,SUP-004,196,1329.28,20-Jan-2024,27-Jan-2024,Delivered
ORD-00490,CB-020,SKU-0058,SUP-008,187,46.51,2024-01-02,05/01/2024,Confirmed
ORD-00491,CB-040,SKU-0019,SUP-012,76,982.78,2024-03-10,15/03/2024,Cancelled
ORD-00492,CB-019,SKU-0026,SUP-012,75,870.88,2024-03-08,03/09/2024,Pending
ORD-00493,CB-043,SKU-0047,SUP-002,179,41.42,09-Jan-2024,01/13/2024,Confirmed
ORD-00494,CB-021,SKU-0063,SUP-010,191,751.21,2024-02-18,23/02/2024,Delivered
ORD-00495,CB-034,SKU-0040,SUP-006,-30,693.56,03/12/2024,2024-03-18,Cancelled
ORD-00496,CB-033,SKU-0036,SUP-001,170,881.72,15-Feb-2024,18-Feb-2024,Pending
ORD-00497,CB-026,SKU-0018,SUP-002,67,1025.9,12/03/2024,03/15/2024,Cancelled
ORD-00498,CB-010,SKU-0055,SUP-005,116,1274.98,2024-03-28,30/03/2024,Confirmed
ORD-00499,CB-013,SKU-0018,SUP-005,158,968.62,24-Mar-2024,26-Mar-2024,Delivered
ORD-00500,CB-021,SKU-0009,SUP-009,154,753.15,01/19/2024,2024-01-25,Confirmed
ORD-00501,CB-027,SKU-0053,SUP-005,91,628.56,04-Jan-2024,11-Jan-2024,Cancelled
ORD-00502,CB-012,SKU-0004,SUP-010,58,869.47,05/02/2024,07/02/2024,Delivered
ORD-00503,CB-045,SKU-0062,SUP-003,-3,710.72,30/01/2024,02/01/2024,Delivered
ORD-00504,CB-009,SKU-0021,SUP-004,109,328.39,24/01/2024,31-Jan-2024,Delivered
ORD-00505,CB-013,SKU-0027,SUP-002,200,260.25,22-Feb-2024,24/02/2024,Delivered
ORD-00506,CB-016,SKU-0055,SUP-007,93,1090.06,03/03/2024,03/09/2024,Cancelled
ORD-00507,CB-037,SKU-0005,SUP-009,166,166.4,10/02/2024,14-Feb-2024,Confirmed
ORD-00508,CB-003,SKU-0050,SUP-009,111,1074.75,07-Mar-2024,2024-03-12,Delivered
ORD-00509,CB-028,SKU-0038,SUP-010,83,1287.86,02/20/2024,23-Feb-2024,Delivered
ORD-00510,CB-008,SKU-0024,SUP-010,33,1313.91,03/23/2024,2024-03-27,Delivered
ORD-00511,CB-038,SKU-0026,SUP-008,16,139.9,2024-02-11,02/15/2024,Cancelled
ORD-00512,CB-008,SKU-0058,SUP-011,197,517.68,21/01/2024,27/01/2024,Delivered
ORD-00513,CB-003,SKU-0022,SUP-006,106,798.21,03/19/2024,2024-03-21,Confirmed
ORD-00514,CB-020,SKU-0040,SUP-012,192,1079.55,23/01/2024,01/30/2024,Pending
ORD-00515,CB-017,SKU-0002,SUP-008,10,704.21,17/01/2024,01/19/2024,Delivered
ORD-00516,CB-031,SKU-0059,SUP-007,65,627.0,04/03/2024,2024-03-06,Delivered
ORD-00517,CB-014,SKU-0007,SUP-003,170,220.33,02/05/2024,2024-02-10,Pending
ORD-00518,CB-006,SKU-0007,SUP-002,164,592.49,2024-03-26,03/31/2024,Delivered
ORD-00519,CB-036,SKU-0023,SUP-008,189,1052.83,2024-03-25,2024-03-31,Delivered
ORD-00520,CB-028,SKU-0009,SUP-005,107,667.08,2024-02-11,14-Feb-2024,Delivered
ORD-00521,CB-014,SKU-0008,SUP-002,144,806.34,08-Mar-2024,12/03/2024,Pending
ORD-00522,CB-046,SKU-0037,SUP-007,186,858.25,2024-03-02,08/03/2024,Delivered
ORD-00523,CB-034,SKU-0064,SUP-008,167,1134.05,15-Feb-2024,2024-02-17,Delivered
ORD-00524,CB-008,SKU-0027,SUP-010,-21,1398.6,25/01/2024,2024-01-26,Delivered
ORD-00525,CB-045,SKU-0037,SUP-005,12,1109.42,2024-03-22,24/03/2024,Delivered
ORD-00526,CB-026,SKU-0004,SUP-003,185,283.71,01-Jan-2024,02-Jan-2024,Delivered
ORD-00527,CB-031,SKU-0020,SUP-011,19,652.96,01-Mar-2024,08-Mar-2024,Delivered
ORD-00528,CB-020,SKU-0041,SUP-009,24,757.2,2024-02-22,02/28/2024,Delivered
ORD-00529,CB-022,SKU-0049,SUP-011,81,754.97,2024-01-09,11/01/2024,Confirmed
ORD-00530,CB-021,SKU-0005,SUP-005,88,588.21,17/03/2024,2024-03-18,Delivered
ORD-00531,CB-008,SKU-0048,SUP-001,144,1092.24,08-Feb-2024,10/02/2024,Pending
ORD-00532,CB-031,SKU-0040,SUP-006,49,213.46,02-Mar-2024,03/07/2024,Delivered
ORD-00533,CB-030,SKU-0050,SUP-012,62,1212.76,2024-03-27,2024-03-29,Pending
ORD-00534,CB-022,SKU-0060,SUP-001,162,157.8,03/28/2024,04/04/2024,Pending
ORD-00535,CB-014,SKU-0042,SUP-004,89,281.68,2024-03-14,2024-03-21,Delivered
ORD-00536,CB-018,SKU-0015,SUP-001,79,1342.24,26/03/2024,2024-03-27,Delivered
ORD-00537,CB-046,SKU-0037,SUP-010,91,354.08,2024-02-14,19/02/2024,Delivered
ORD-00538,CB-031,SKU-0007,SUP-002,22,546.29,2024-03-10,14/03/2024,Cancelled
ORD-00539,CB-045,SKU-0058,SUP-010,171,507.54,2024-03-17,2024-03-22,Cancelled
ORD-00540,CB-006,SKU-0060,SUP-002,129,645.98,03/09/2024,03/10/2024,Delivered
ORD-00541,CB-040,SKU-0034,SUP-006,67,558.03,03/01/2024,03/03/2024,Delivered
ORD-00542,CB-008,SKU-0045,SUP-008,17,653.82,2024-02-28,03/03/2024,Delivered
ORD-00543,CB-046,SKU-0014,SUP-006,140,785.27,2024-03-14,2024-03-16,Delivered
ORD-00544,CB-016,SKU-0021,SUP-008,115,546.59,2024-02-21,02/26/2024,Delivered
ORD-00545,CB-022,SKU-0031,SUP-003,121,932.72,2024-02-25,03-Mar-2024,Delivered
ORD-00546,CB-021,SKU-0013,SUP-008,161,259.0,03-Mar-2024,2024-03-04,Pending
ORD-00547,CB-025,SKU-0042,SUP-008,162,908.31,2024-03-28,2024-04-04,Confirmed
ORD-00548,CB-010,SKU-0020,SUP-008,172,750.79,15/03/2024,22/03/2024,Confirmed
ORD-00549,CB-044,SKU-0039,SUP-007,91,1009.14,27-Jan-2024,02-Feb-2024,Delivered
ORD-00550,CB-009,SKU-0038,SUP-001,140,526.37,02/01/2024,2024-01-07,Cancelled
ORD-00551,CB-019,SKU-0004,SUP-004,101,612.93,12/03/2024,03/19/2024,Cancelled
ORD-00552,CB-014,SKU-0023,SUP-008,107,207.61,18/02/2024,22-Feb-2024,Delivered
ORD-00553,CB-043,SKU-0017,SUP-003,83,31.07,02/23/2024,2024-02-25,Delivered
ORD-00554,CB-042,SKU-0054,SUP-008,44,1252.61,03/25/2024,29-Mar-2024,Delivered
ORD-00555,CB-029,SKU-0050,SUP-006,140,327.65,24/01/2024,2024-01-28,Delivered
ORD-00556,CB-035,SKU-0047,SUP-001,138,1369.85,31/01/2024,02/06/2024,Pending
ORD-00557,CB-047,SKU-0036,SUP-008,186,730.98,15/03/2024,19/03/2024,Confirmed
ORD-00558,CB-043,SKU-0010,SUP-011,199,892.66,03/01/2024,2024-03-07,Pending
ORD-00559,CB-033,SKU-0061,SUP-010,12,1031.33,13/02/2024,18-Feb-2024,Delivered
ORD-00560,CB-039,SKU-0039,SUP-012,19,1102.25,2024-02-07,02/09/2024,Delivered
ORD-00561,CB-019,SKU-0004,SUP-005,23,686.39,2024-01-22,2024-01-27,Delivered
ORD-00562,CB-017,SKU-0002,SUP-012,167,169.5,2024-02-02,04/02/2024,Confirmed
ORD-00563,CB-017,SKU-0031,SUP-008,104,265.42,25/03/2024,2024-03-29,Pending
ORD-00564,CB-027,SKU-0050,SUP-004,49,930.02,01/19/2024,2024-01-24,Delivered
ORD-00565,CB-008,SKU-0007,SUP-003,174,657.66,14/02/2024,15/02/2024,Delivered
ORD-00566,CB-031,SKU-0034,SUP-003,184,749.66,30/01/2024,2024-02-03,Delivered
ORD-00567,CB-044,SKU-0006,SUP-002,90,1286.03,02/18/2024,24-Feb-2024,Delivered
ORD-00568,CB-018,SKU-0013,SUP-005,79,921.27,19/03/2024,03/25/2024,Cancelled
ORD-00569,CB-013,SKU-0044,SUP-011,182,971.04,2024-01-31,06/02/2024,Cancelled
ORD-00570,CB-034,SKU-0014,SUP-011,-4,632.63,2024-01-02,2024-01-09,Confirmed
ORD-00571,CB-039,SKU-0028,SUP-010,168,898.74,01/05/2024,2024-01-06,Delivered
ORD-00572,CB-042,SKU-0024,SUP-002,178,978.48,2024-01-17,21/01/2024,Pending
ORD-00573,CB-045,SKU-0042,SUP-005,80,239.32,2024-03-22,03/26/2024,Delivered
ORD-00574,CB-017,SKU-0023,SUP-008,25,111.12,19-Feb-2024,2024-02-22,Delivered
ORD-00575,CB-035,SKU-0056,SUP-004,135,865.34,2024-01-23,29/01/2024,Delivered
ORD-00576,CB-047,SKU-0033,SUP-008,28,40.99,14/01/2024,01/15/2024,Pending
ORD-00577,CB-045,SKU-0043,SUP-007,109,810.88,05/01/2024,11-Jan-2024,Delivered
ORD-00578,CB-005,SKU-0029,SUP-001,113,547.43,03/02/2024,03/06/2024,Pending
ORD-00579,CB-020,SKU-0052,SUP-001,101,890.7,13-Mar-2024,2024-03-18,Delivered
ORD-00580,CB-019,SKU-0026,SUP-003,127,782.95,13-Feb-2024,02/14/2024,Delivered
ORD-00581,CB-023,SKU-0063,SUP-002,37,1241.02,30/03/2024,2024-04-03,Pending
ORD-00582,CB-016,SKU-0063,SUP-007,194,102.24,25/01/2024,2024-01-26,Delivered
ORD-00583,CB-022,SKU-0006,SUP-007,19,178.69,02/27/2024,02/28/2024,Delivered
ORD-00584,CB-038,SKU-0030,SUP-002,147,66.08,2024-03-27,04/03/2024,Delivered
ORD-00585,CB-009,SKU-0002,SUP-003,72,891.24,20-Mar-2024,03/21/2024,Pending
ORD-00586,CB-005,SKU-0014,SUP-002,53,703.54,02/28/2024,2024-03-04,Confirmed
ORD-00587,CB-021,SKU-0016,SUP-011,198,812.71,2024-02-24,27-Feb-2024,Confirmed
ORD-00588,CB-008,SKU-0036,SUP-003,54,1064.21,2024-01-06,2024-01-11,Confirmed
ORD-00589,CB-041,SKU-0049,SUP-003,-4,36.65,26/02/2024,2024-02-28,Confirmed
ORD-00590,CB-019,SKU-0054,SUP-012,176,1133.27,01/12/2024,01/18/2024,Confirmed
ORD-00591,CB-027,SKU-0031,SUP-003,79,860.6,2024-01-19,2024-01-25,Delivered
ORD-00592,CB-020,SKU-0045,SUP-007,170,21.33,2024-03-19,2024-03-20,Delivered
ORD-00593,CB-035,SKU-0065,SUP-004,102,657.94,01/13/2024,2024-01-18,Pending
ORD-00594,CB-031,SKU-0064,SUP-003,48,236.27,25-Jan-2024,2024-01-26,Delivered
ORD-00595,CB-040,SKU-0059,SUP-001,121,159.62,2024-02-06,08/02/2024,Confirmed
ORD-00596,CB-016,SKU-0057,SUP-010,141,817.97,04/01/2024,01/08/2024,Delivered
ORD-00597,CB-007,SKU-0031,SUP-012,38,586.44,2024-01-30,06-Feb-2024,Pending
ORD-00598,CB-028,SKU-0019,SUP-004,134,1300.12,01/03/2024,06/03/2024,Confirmed
ORD-00599,CB-018,SKU-0026,SUP-006,59,191.19,02/28/2024,2024-03-05,Confirmed
ORD-00600,CB-011,SKU-0044,SUP-004,129,1242.68,15/01/2024,01/22/2024,Cancelled
ORD-00601,CB-015,SKU-0012,SUP-007,157,1201.91,19/03/2024,21-Mar-2024,Delivered
ORD-00602,CB-047,SKU-0055,SUP-012,128,1223.55,2024-03-01,08/03/2024,Confirmed
ORD-00603,CB-027,SKU-0006,SUP-001,156,1387.91,03/16/2024,18/03/2024,Delivered
ORD-00604,CB-045,SKU-0013,SUP-008,132,700.97,2024-03-08,03/12/2024,Cancelled
ORD-00605,CB-016,SKU-0012,SUP-001,43,679.5,2024-02-22,02/24/2024,Delivered
ORD-00606,CB-009,SKU-0052,SUP-003,126,1108.95,2024-03-15,16/03/2024,Cancelled
ORD-00607,CB-045,SKU-0043,SUP-009,170,60.31,01/01/2024,2024-01-08,Delivered
ORD-00608,CB-006,SKU-0043,SUP-012,63,1306.16,10/03/2024,15-Mar-2024,Delivered
ORD-00609,CB-040,SKU-0006,SUP-006,108,522.51,01/07/2024,01/08/2024,Delivered
ORD-00610,CB-022,SKU-0031,SUP-009,62,172.28,31/03/2024,07-Apr-2024,Delivered
ORD-00611,CB-021,SKU-0046,SUP-005,200,712.44,30/03/2024,2024-04-01,Delivered
ORD-00612,CB-008,SKU-0061,SUP-012,134,751.69,02/14/2024,18-Feb-2024,Delivered
ORD-00613,CB-005,SKU-0025,SUP-008,182,135.92,20/03/2024,2024-03-23,Pending
ORD-00614,CB-010,SKU-0064,SUP-003,80,1226.87,14/01/2024,01/16/2024,Delivered
ORD-00615,CB-031,SKU-0045,SUP-007,148,629.75,02/23/2024,2024-02-29,Pending
ORD-00616,CB-034,SKU-0043,SUP-007,69,816.51,01/03/2024,01/10/2024,Delivered
ORD-00617,CB-036,SKU-0057,SUP-008,188,436.15,2024-03-16,03/22/2024,Confirmed
ORD-00618,CB-019,SKU-0007,SUP-003,133,504.07,03/02/2024,2024-02-05,Confirmed
ORD-00619,CB-046,SKU-0020,SUP-003,56,344.5,2024-03-09,2024-03-12,Confirmed
ORD-00620,CB-036,SKU-0005,SUP-011,104,453.97,2024-02-26,2024-02-29,Delivered
ORD-00621,CB-002,SKU-0052,SUP-008,87,1079.4,21-Jan-2024,26-Jan-2024,Confirmed
ORD-00622,CB-022,SKU-0038,SUP-008,149,1255.93,01-Jan-2024,01/07/2024,Delivered
ORD-00623,CB-029,SKU-0044,SUP-012,154,170.56,26/03/2024,2024-03-28,Cancelled
ORD-00624,CB-015,SKU-0058,SUP-006,-20,143.09,2024-03-11,03/12/2024,Delivered
ORD-00625,CB-006,SKU-0058,SUP-011,81,945.11,2024-03-08,10/03/2024,Confirmed
ORD-00626,CB-004,SKU-0047,SUP-007,164,219.91,03-Mar-2024,2024-03-06,Delivered
ORD-00627,CB-029,SKU-0012,SUP-004,98,1023.08,02/01/2024,05-Jan-2024,Delivered
ORD-00628,CB-028,SKU-0054,SUP-003,196,1172.18,06/02/2024,2024-02-08,Delivered
ORD-00629,CB-005,SKU-0049,SUP-002,144,24.17,03/01/2024,2024-03-08,Confirmed
ORD-00630,CB-009,SKU-0026,SUP-003,191,1167.71,2024-03-12,16/03/2024,Delivered
ORD-00631,CB-030,SKU-0029,SUP-001,136,1110.84,2024-03-15,2024-03-18,Cancelled
ORD-00632,CB-019,SKU-0054,SUP-003,41,696.26,03/22/2024,2024-03-26,Pending
ORD-00633,CB-024,SKU-0062,SUP-010,27,618.95,2024-02-05,02/09/2024,Cancelled
ORD-00634,CB-002,SKU-0034,SUP-003,141,820.59,2024-01-16,19/01/2024,Cancelled
ORD-00635,CB-024,SKU-0054,SUP-011,51,1278.26,2024-01-18,2024-01-21,Delivered
ORD-00636,CB-041,SKU-0024,SUP-002,141,844.29,2024-03-22,2024-03-23,Delivered
ORD-00637,CB-045,SKU-0047,SUP-002,87,755.17,2024-03-28,2024-04-04,Confirmed
ORD-00638,CB-027,SKU-0044,SUP-003,105,156.85,2024-03-07,2024-03-10,Confirmed
ORD-00639,CB-034,SKU-0015,SUP-007,186,652.78,2024-03-12,03/17/2024,Pending
ORD-00640,CB-009,SKU-0057,SUP-010,89,739.52,02-Mar-2024,2024-03-05,Delivered
ORD-00641,CB-045,SKU-0019,SUP-012,40,328.81,2024-01-04,2024-01-10,Pending
ORD-00642,CB-031,SKU-0056,SUP-001,38,286.95,2024-02-24,03/01/2024,Delivered
ORD-00643,CB-003,SKU-0009,SUP-005,40,939.61,01/08/2024,01/12/2024,Delivered
ORD-00644,CB-023,SKU-0004,SUP-002,61,216.6,01/27/2024,2024-02-01,Delivered
ORD-00645,CB-047,SKU-0031,SUP-009,51,804.78,2024-02-14,17/02/2024,Pending
ORD-00646,CB-019,SKU-0022,SUP-009,193,21.0,03/08/2024,10-Mar-2024,Delivered
ORD-00647,CB-012,SKU-0057,SUP-011,103,1341.48,2024-03-31,2024-04-04,Delivered
ORD-00648,CB-008,SKU-0041,SUP-002,141,660.27,24/02/2024,26/02/2024,Delivered
ORD-00649,CB-006,SKU-0042,SUP-008,152,175.28,2024-03-31,03/04/2024,Delivered
ORD-00650,CB-027,SKU-0038,SUP-007,123,276.47,2024-03-28,04-Apr-2024,Delivered
ORD-00651,CB-032,SKU-0014,SUP-007,-22,621.71,03/27/2024,2024-03-30,Confirmed
ORD-00652,CB-007,SKU-0022,SUP-002,187,518.74,2024-02-20,2024-02-24,Delivered
ORD-00653,CB-018,SKU-0035,SUP-011,118,1321.37,2024-01-16,01/18/2024,Delivered
ORD-00654,CB-030,SKU-0014,SUP-002,81,362.21,03/03/2024,03/08/2024,Confirmed
ORD-00655,CB-005,SKU-0064,SUP-011,198,52.05,2024-01-04,05/01/2024,Delivered
ORD-00656,CB-005,SKU-0064,SUP-008,169,294.68,01/20/2024,23/01/2024,Delivered
ORD-00657,CB-003,SKU-0056,SUP-002,148,546.33,2024-03-10,2024-03-13,Delivered
ORD-00658,CB-020,SKU-0022,SUP-008,55,611.49,2024-01-05,06/01/2024,Pending
ORD-00659,CB-044,SKU-0061,SUP-008,135,793.72,2024-03-13,2024-03-19,Delivered
ORD-00660,CB-023,SKU-0037,SUP-006,106,100.07,04/03/2024,2024-03-09,Delivered
ORD-00661,CB-041,SKU-0044,SUP-007,199,149.83,2024-02-14,2024-02-21,Delivered
ORD-00662,CB-042,SKU-0040,SUP-010,72,132.64,01/08/2024,14-Jan-2024,Pending
ORD-00663,CB-003,SKU-0059,SUP-011,15,1210.77,13/02/2024,15-Feb-2024,Delivered
ORD-00664,CB-021,SKU-0049,SUP-010,130,555.57,03/01/2024,01/09/2024,Pending
ORD-00665,CB-033,SKU-0044,SUP-003,62,866.54,2024-03-29,04/04/2024,Delivered
ORD-00666,CB-035,SKU-0028,SUP-005,29,382.24,2024-03-22,29/03/2024,Confirmed
ORD-00667,CB-038,SKU-0013,SUP-010,33,481.52,2024-03-20,03/26/2024,Delivered
ORD-00668,CB-042,SKU-0039,SUP-009,98,1128.72,24/02/2024,26/02/2024,Confirmed
ORD-00669,CB-030,SKU-0024,SUP-001,74,884.56,23/02/2024,2024-02-27,Delivered
ORD-00670,CB-018,SKU-0056,SUP-010,200,1021.36,2024-01-28,2024-02-03,Delivered
ORD-00671,CB-020,SKU-0056,SUP-007,48,456.33,19-Jan-2024,2024-01-21,Confirmed
ORD-00672,CB-017,SKU-0031,SUP-007,83,345.3,2024-02-22,2024-02-25,Delivered
ORD-00673,CB-028,SKU-0005,SUP-004,153,235.71,2024-02-29,2024-03-04,Delivered
ORD-00674,CB-003,SKU-0063,SUP-001,55,91.63,25-Mar-2024,2024-03-30,Delivered
ORD-00675,CB-006,SKU-0051,SUP-012,103,1182.21,2024-01-09,13/01/2024,Delivered
ORD-00676,CB-034,SKU-0033,SUP-008,180,1240.12,2024-01-16,2024-01-21,Delivered
ORD-00677,CB-048,SKU-0031,SUP-007,159,316.94,2024-02-12,2024-02-19,Delivered
ORD-00678,CB-004,SKU-0063,SUP-009,75,533.97,26-Feb-2024,2024-03-01,Delivered
ORD-00679,CB-010,SKU-0047,SUP-008,73,1006.2,03/01/2024,2024-03-07,Delivered
ORD-00680,CB-004,SKU-0031,SUP-005,199,780.53,2024-01-05,12-Jan-2024,Delivered
ORD-00681,CB-029,SKU-0050,SUP-001,146,1275.06,28/03/2024,29-Mar-2024,Delivered
ORD-00682,CB-011,SKU-0057,SUP-011,70,454.3,02/08/2024,02/09/2024,Pending
ORD-00683,CB-032,SKU-0061,SUP-012,30,586.95,05-Feb-2024,02/12/2024,Pending
ORD-00684,CB-023,SKU-0054,SUP-010,76,1024.99,21/01/2024,2024-01-27,Cancelled
ORD-00685,CB-012,SKU-0057,SUP-011,23,203.49,04/01/2024,01/11/2024,Delivered
ORD-00686,CB-034,SKU-0017,SUP-010,38,964.77,03/14/2024,2024-03-15,Delivered
ORD-00687,CB-021,SKU-0037,SUP-004,54,131.89,2024-01-18,21/01/2024,Delivered
ORD-00688,CB-036,SKU-0030,SUP-002,15,1364.17,2024-03-14,03/16/2024,Confirmed
ORD-00689,CB-017,SKU-0020,SUP-002,168,1341.88,2024-01-07,11/01/2024,Pending
ORD-00690,CB-032,SKU-0016,SUP-004,126,1003.29,2024-03-08,12-Mar-2024,Delivered
ORD-00691,CB-028,SKU-0027,SUP-010,136,313.56,02/06/2024,02/12/2024,Confirmed
ORD-00692,CB-002,SKU-0038,SUP-005,114,341.15,23/02/2024,2024-02-25,Delivered
ORD-00693,CB-031,SKU-0018,SUP-006,127,1364.54,28/03/2024,2024-04-03,Delivered
ORD-00694,CB-005,SKU-0013,SUP-009,198,96.37,2024-03-31,2024-04-04,Delivered
ORD-00695,CB-003,SKU-0001,SUP-005,163,713.79,18/03/2024,24-Mar-2024,Cancelled
ORD-00696,CB-017,SKU-0022,SUP-009,-6,697.58,2024-02-17,19/02/2024,Pending
ORD-00697,CB-017,SKU-0015,SUP-006,145,76.16,2024-02-10,16-Feb-2024,Delivered
ORD-00698,CB-017,SKU-0034,SUP-009,82,448.52,16-Feb-2024,2024-02-20,Delivered
ORD-00699,CB-029,SKU-0007,SUP-004,178,220.84,2024-01-20,2024-01-25,Delivered
ORD-00700,CB-032,SKU-0006,SUP-008,129,508.78,01/21/2024,27/01/2024,Delivered
ORD-00701,CB-008,SKU-0045,SUP-002,194,297.17,2024-01-15,22-Jan-2024,Cancelled
ORD-00702,CB-043,SKU-0028,SUP-010,79,1397.24,2024-03-06,03/13/2024,Confirmed
ORD-00703,CB-044,SKU-0013,SUP-006,73,50.96,02/23/2024,02/24/2024,Delivered
ORD-00704,CB-010,SKU-0004,SUP-002,37,652.42,02/17/2024,22/02/2024,Cancelled
ORD-00705,CB-042,SKU-0058,SUP-006,-2,1327.17,04-Feb-2024,09-Feb-2024,Delivered
ORD-00706,CB-019,SKU-0042,SUP-001,22,1045.16,17/01/2024,19/01/2024,Pending
ORD-00707,CB-026,SKU-0012,SUP-001,55,1195.5,2024-02-21,02/24/2024,Delivered
ORD-00708,CB-020,SKU-0063,SUP-007,177,1034.21,23-Mar-2024,30-Mar-2024,Delivered
ORD-00709,CB-024,SKU-0026,SUP-008,180,631.94,17/01/2024,2024-01-20,Delivered
ORD-00710,CB-040,SKU-0024,SUP-007,118,888.5,2024-02-24,25/02/2024,Delivered
ORD-00711,CB-010,SKU-0064,SUP-009,175,886.94,27/03/2024,2024-03-29,Delivered
ORD-00712,CB-009,SKU-0039,SUP-004,132,739.48,2024-01-11,2024-01-18,Pending
ORD-00713,CB-027,SKU-0013,SUP-008,37,930.28,06/01/2024,2024-01-11,Delivered
ORD-00714,CB-043,SKU-0060,SUP-003,-24,1103.86,15-Mar-2024,2024-03-16,Delivered
ORD-00715,CB-030,SKU-0058,SUP-010,90,1133.85,2024-03-31,03-Apr-2024,Confirmed
ORD-00716,CB-039,SKU-0034,SUP-011,30,162.27,28/01/2024,2024-01-30,Pending
ORD-00717,CB-045,SKU-0052,SUP-011,177,1352.64,02/01/2024,04/01/2024,Delivered
ORD-00718,CB-045,SKU-0051,SUP-005,186,136.37,2024-03-19,2024-03-22,Pending
ORD-00719,CB-042,SKU-0019,SUP-011,16,349.87,30-Mar-2024,01-Apr-2024,Delivered
ORD-00720,CB-010,SKU-0061,SUP-007,87,45.22,2024-01-25,2024-01-26,Cancelled
ORD-00721,CB-038,SKU-0032,SUP-004,-15,423.34,02/26/2024,01/03/2024,Delivered
ORD-00722,CB-028,SKU-0054,SUP-008,171,1035.85,02/01/2024,03/01/2024,Delivered
ORD-00723,CB-038,SKU-0063,SUP-004,112,1004.29,05/01/2024,09/01/2024,Delivered
ORD-00724,CB-027,SKU-0061,SUP-002,78,700.28,11-Mar-2024,2024-03-12,Cancelled
ORD-00725,CB-013,SKU-0061,SUP-006,51,621.78,25/02/2024,26/02/2024,Cancelled
ORD-00726,CB-009,SKU-0038,SUP-012,193,1000.27,13-Feb-2024,18-Feb-2024,Cancelled
ORD-00727,CB-011,SKU-0027,SUP-005,102,971.62,2024-03-24,30/03/2024,Confirmed
ORD-00728,CB-027,SKU-0064,SUP-005,165,340.09,26/01/2024,28-Jan-2024,Delivered
ORD-00729,CB-033,SKU-0005,SUP-002,183,482.76,2024-02-03,2024-02-06,Delivered
ORD-00730,CB-023,SKU-0006,SUP-009,76,385.48,2024-01-29,02/02/2024,Delivered
ORD-00731,CB-029,SKU-0059,SUP-002,36,1364.9,03/18/2024,24/03/2024,Pending
ORD-00732,CB-041,SKU-0016,SUP-004,139,1276.72,2024-03-12,2024-03-13,Delivered
ORD-00733,CB-010,SKU-0047,SUP-006,197,1149.54,2024-03-05,2024-03-09,Delivered
ORD-00734,CB-033,SKU-0022,SUP-002,131,383.43,01/01/2024,03/01/2024,Cancelled
ORD-00735,CB-034,SKU-0054,SUP-004,48,206.12,26/03/2024,28-Mar-2024,Delivered
ORD-00736,CB-002,SKU-0057,SUP-003,184,1081.66,03/07/2024,14/03/2024,Pending
ORD-00737,CB-011,SKU-0056,SUP-001,90,559.67,2024-01-11,14-Jan-2024,Confirmed
ORD-00738,CB-043,SKU-0038,SUP-007,171,571.77,03/14/2024,15/03/2024,Delivered
ORD-00739,CB-034,SKU-0019,SUP-012,12,574.45,02/10/2024,13-Feb-2024,Delivered
ORD-00740,CB-042,SKU-0052,SUP-004,123,1235.15,2024-03-20,26/03/2024,Delivered
ORD-00741,CB-006,SKU-0040,SUP-009,148,486.88,01/17/2024,2024-01-22,Delivered
ORD-00742,CB-020,SKU-0055,SUP-009,71,167.96,2024-03-16,2024-03-19,Cancelled
ORD-00743,CB-008,SKU-0058,SUP-005,-21,807.82,2024-03-05,2024-03-08,Confirmed
ORD-00744,CB-041,SKU-0030,SUP-006,192,429.39,03/15/2024,03/20/2024,Delivered
ORD-00745,CB-048,SKU-0032,SUP-002,192,469.07,27/03/2024,03/29/2024,Delivered
ORD-00746,CB-027,SKU-0011,SUP-002,47,101.14,28-Feb-2024,29/02/2024,Delivered
ORD-00747,CB-038,SKU-0051,SUP-005,183,824.26,01/10/2024,13-Jan-2024,Cancelled
ORD-00748,CB-010,SKU-0065,SUP-003,116,686.4,03/03/2024,09-Mar-2024,Delivered
ORD-00749,CB-031,SKU-0005,SUP-012,187,232.22,08/03/2024,09-Mar-2024,Pending
ORD-00750,CB-024,SKU-0038,SUP-001,114,739.05,2024-03-18,2024-03-25,Delivered
ORD-00751,CB-010,SKU-0054,SUP-001,-5,1312.5,2024-02-08,2024-02-11,Confirmed
ORD-00752,CB-005,SKU-0006,SUP-007,41,681.43,2024-03-03,04/03/2024,Delivered
ORD-00753,CB-009,SKU-0018,SUP-009,194,896.5,02/18/2024,02/22/2024,Confirmed
ORD-00754,CB-027,SKU-0050,SUP-004,169,1261.84,2024-02-11,2024-02-12,Cancelled
ORD-00755,CB-011,SKU-0004,SUP-010,81,887.7,02/26/2024,2024-03-03,Cancelled
ORD-00756,CB-040,SKU-0007,SUP-010,153,737.63,01/16/2024,22/01/2024,Pending
ORD-00757,CB-002,SKU-0036,SUP-004,146,354.72,01/16/2024,22-Jan-2024,Delivered
ORD-00758,CB-026,SKU-0006,SUP-008,146,1208.83,2024-01-11,18/01/2024,Delivered
ORD-00759,CB-017,SKU-0012,SUP-002,145,1372.0,04/01/2024,2024-01-11,Confirmed
ORD-00760,CB-027,SKU-0022,SUP-001,32,866.05,2024-02-02,2024-02-09,Pending
ORD-00761,CB-027,SKU-0042,SUP-005,35,535.09,02/08/2024,2024-02-12,Confirmed
ORD-00762,CB-032,SKU-0065,SUP-007,162,1329.86,2024-01-31,2024-02-07,Delivered
ORD-00763,CB-015,SKU-0003,SUP-005,-21,782.39,22/02/2024,2024-02-23,Delivered
ORD-00764,CB-027,SKU-0058,SUP-002,42,1187.09,24/03/2024,03/31/2024,Confirmed
ORD-00765,CB-035,SKU-0055,SUP-009,53,640.66,2024-02-17,22/02/2024,Delivered
ORD-00766,CB-031,SKU-0035,SUP-010,-30,362.48,02/07/2024,13-Feb-2024,Cancelled
ORD-00767,CB-011,SKU-0009,SUP-005,140,139.26,01/28/2024,02-Feb-2024,Cancelled
ORD-00768,CB-033,SKU-0041,SUP-011,120,1324.39,03/12/2024,15-Mar-2024,Cancelled
ORD-00769,CB-021,SKU-0044,SUP-004,72,651.82,27/02/2024,2024-03-01,Cancelled
ORD-00770,CB-001,SKU-0002,SUP-011,10,255.35,18/01/2024,01/24/2024,Delivered
ORD-00771,CB-042,SKU-0010,SUP-009,30,57.86,20-Feb-2024,02/25/2024,Cancelled
ORD-00772,CB-023,SKU-0050,SUP-003,106,1177.22,01/16/2024,19-Jan-2024,Pending
ORD-00773,CB-015,SKU-0003,SUP-005,59,957.57,02/29/2024,2024-03-03,Delivered
ORD-00774,CB-032,SKU-0047,SUP-001,193,403.85,21-Mar-2024,03/24/2024,Confirmed
ORD-00775,CB-018,SKU-0065,SUP-008,173,251.11,2024-01-01,01/03/2024,Cancelled
ORD-00776,CB-038,SKU-0017,SUP-012,154,105.09,2024-03-28,02/04/2024,Confirmed
ORD-00777,CB-044,SKU-0003,SUP-012,80,953.66,07/03/2024,03/13/2024,Delivered
ORD-00778,CB-042,SKU-0007,SUP-006,174,614.08,01-Jan-2024,2024-01-05,Cancelled
ORD-00779,CB-003,SKU-0029,SUP-001,136,399.94,07/03/2024,11/03/2024,Pending
ORD-00780,CB-037,SKU-0004,SUP-012,95,327.49,02/20/2024,22-Feb-2024,Confirmed
ORD-00781,CB-041,SKU-0013,SUP-001,94,679.75,01/26/2024,28/01/2024,Cancelled
ORD-00782,CB-031,SKU-0031,SUP-006,74,1168.04,02/12/2024,19/02/2024,Confirmed
ORD-00783,CB-007,SKU-0058,SUP-010,163,187.88,10-Jan-2024,17-Jan-2024,Delivered
ORD-00784,CB-009,SKU-0008,SUP-008,187,90.88,10/02/2024,17/02/2024,Pending
ORD-00785,CB-025,SKU-0052,SUP-002,153,869.96,27/03/2024,28-Mar-2024,Cancelled
ORD-00786,CB-028,SKU-0013,SUP-006,126,916.53,03/20/2024,2024-03-21,Delivered
ORD-00787,CB-001,SKU-0009,SUP-010,59,1108.34,2024-02-12,17/02/2024,Cancelled
ORD-00788,CB-047,SKU-0057,SUP-003,100,351.77,03/06/2024,2024-03-09,Delivered
ORD-00789,CB-023,SKU-0040,SUP-010,141,1241.03,03/15/2024,2024-03-19,Delivered
ORD-00790,CB-001,SKU-0019,SUP-001,84,343.78,03/18/2024,21/03/2024,Pending
ORD-00791,CB-041,SKU-0026,SUP-002,60,488.05,02/24/2024,02/27/2024,Delivered
ORD-00792,CB-037,SKU-0043,SUP-010,94,429.99,2024-03-17,2024-03-23,Pending
ORD-00793,CB-045,SKU-0030,SUP-008,10,879.13,2024-03-04,03/06/2024,Delivered
ORD-00794,CB-001,SKU-0047,SUP-001,112,117.12,2024-02-18,2024-02-20,Delivered
ORD-00795,CB-024,SKU-0006,SUP-001,171,290.79,2024-02-26,2024-02-28,Delivered
ORD-00796,CB-013,SKU-0003,SUP-003,151,1182.39,23-Jan-2024,2024-01-26,Cancelled
ORD-00797,CB-008,SKU-0044,SUP-004,177,437.53,2024-01-18,01/22/2024,Cancelled
ORD-00798,CB-046,SKU-0009,SUP-002,169,215.04,22-Jan-2024,01/27/2024,Confirmed
ORD-00799,CB-039,SKU-0055,SUP-011,187,353.7,2024-03-09,13/03/2024,Confirmed
ORD-00800,CB-004,SKU-0036,SUP-003,48,1194.33,09-Mar-2024,12-Mar-2024,Confirmed
ORD-00801,CB-040,SKU-0009,SUP-003,130,719.43,01/11/2024,01/18/2024,Delivered
ORD-00802,CB-021,SKU-0048,SUP-009,142,976.9,02/17/2024,21/02/2024,Delivered
ORD-00803,CB-038,SKU-0005,SUP-004,173,319.04,2024-03-15,19-Mar-2024,Delivered
ORD-00804,CB-037,SKU-0021,SUP-006,118,367.52,2024-01-28,01/31/2024,Delivered
ORD-00805,CB-003,SKU-0060,SUP-009,100,875.26,26/02/2024,02/03/2024,Delivered
ORD-00806,CB-025,SKU-0004,SUP-003,137,626.74,2024-02-17,2024-02-24,Pending
ORD-00807,CB-042,SKU-0011,SUP-005,138,1298.35,2024-02-07,2024-02-14,Pending
ORD-00808,CB-022,SKU-0033,SUP-005,95,1047.12,03/10/2024,12-Mar-2024,Confirmed
ORD-00809,CB-046,SKU-0034,SUP-001,45,1081.56,2024-03-31,2024-04-05,Delivered
ORD-00810,CB-001,SKU-0061,SUP-011,158,725.02,02/21/2024,2024-02-28,Delivered
ORD-00811,CB-031,SKU-0030,SUP-009,195,828.0,30/01/2024,01/02/2024,Delivered
ORD-00812,CB-013,SKU-0055,SUP-012,31,593.5,13/02/2024,20-Feb-2024,Pending
ORD-00813,CB-020,SKU-0002,SUP-008,157,1137.41,17-Feb-2024,2024-02-19,Delivered
ORD-00814,CB-045,SKU-0039,SUP-006,113,827.93,24/02/2024,2024-03-01,Confirmed
ORD-00815,CB-039,SKU-0051,SUP-007,155,297.82,20/01/2024,23/01/2024,Confirmed
ORD-00816,CB-029,SKU-0039,SUP-002,94,252.42,03/01/2024,2024-03-02,Cancelled
ORD-00817,CB-005,SKU-0050,SUP-005,16,300.16,2024-03-18,22/03/2024,Delivered
ORD-00818,CB-027,SKU-0051,SUP-003,-11,1385.59,2024-01-08,11/01/2024,Cancelled
ORD-00819,CB-014,SKU-0040,SUP-007,62,1147.79,01/09/2024,2024-01-13,Delivered
ORD-00820,CB-044,SKU-0059,SUP-005,61,294.36,09-Feb-2024,14/02/2024,Delivered
ORD-00821,CB-037,SKU-0063,SUP-008,73,655.83,2024-03-18,2024-03-25,Cancelled
ORD-00822,CB-020,SKU-0051,SUP-010,189,1155.45,28-Feb-2024,02/03/2024,Confirmed
ORD-00823,CB-043,SKU-0024,SUP-012,120,802.53,20/03/2024,26-Mar-2024,Confirmed
ORD-00824,CB-043,SKU-0009,SUP-012,170,1021.25,21-Jan-2024,24-Jan-2024,Delivered
ORD-00825,CB-007,SKU-0065,SUP-006,104,582.98,2024-03-11,2024-03-12,Pending
ORD-00826,CB-044,SKU-0060,SUP-007,28,490.97,29/02/2024,2024-03-01,Pending
ORD-00827,CB-009,SKU-0042,SUP-011,39,1051.92,02/01/2024,2024-01-05,Delivered
ORD-00828,CB-009,SKU-0061,SUP-005,192,1180.56,2024-03-25,2024-03-27,Pending
ORD-00829,CB-026,SKU-0022,SUP-002,41,944.88,2024-01-23,2024-01-26,Delivered
ORD-00830,CB-044,SKU-0028,SUP-008,65,979.99,15-Feb-2024,02/17/2024,Cancelled
ORD-00831,CB-025,SKU-0040,SUP-008,178,87.6,2024-03-25,03/31/2024,Confirmed
ORD-00832,CB-002,SKU-0054,SUP-001,71,1385.17,2024-02-01,2024-02-04,Cancelled
ORD-00833,CB-043,SKU-0022,SUP-012,34,246.36,09/01/2024,2024-01-11,Delivered
ORD-00834,CB-014,SKU-0051,SUP-007,170,182.31,2024-02-11,2024-02-16,Confirmed
ORD-00835,CB-025,SKU-0028,SUP-008,177,319.83,01/02/2024,2024-01-06,Delivered
ORD-00836,CB-027,SKU-0039,SUP-010,27,706.91,17-Feb-2024,02/18/2024,Delivered
ORD-00837,CB-041,SKU-0050,SUP-011,34,1295.51,01/22/2024,2024-01-25,Confirmed
ORD-00838,CB-043,SKU-0062,SUP-002,186,479.12,22/03/2024,29/03/2024,Delivered
ORD-00839,CB-038,SKU-0002,SUP-004,199,44.38,03/06/2024,2024-03-12,Confirmed
ORD-00840,CB-004,SKU-0018,SUP-006,72,705.74,2024-02-24,2024-03-02,Cancelled
ORD-00841,CB-029,SKU-0043,SUP-003,195,400.21,01/05/2024,01/07/2024,Delivered
ORD-00842,CB-015,SKU-0043,SUP-006,83,350.51,23/02/2024,29-Feb-2024,Cancelled
ORD-00843,CB-015,SKU-0049,SUP-009,185,460.47,01/02/2024,2024-02-08,Delivered
ORD-00844,CB-010,SKU-0027,SUP-003,23,142.09,09/01/2024,11-Jan-2024,Confirmed
ORD-00845,CB-030,SKU-0040,SUP-003,30,1014.52,2024-01-31,2024-02-05,Confirmed
ORD-00846,CB-041,SKU-0026,SUP-005,157,1209.46,08/02/2024,11-Feb-2024,Delivered
ORD-00847,CB-028,SKU-0065,SUP-010,52,1032.88,02/20/2024,02/24/2024,Delivered
ORD-00848,CB-006,SKU-0039,SUP-010,107,759.02,03/01/2024,2024-01-10,Delivered
ORD-00849,CB-036,SKU-0062,SUP-002,126,476.53,02/29/2024,2024-03-03,Confirmed
ORD-00850,CB-024,SKU-0063,SUP-007,138,1297.08,01-Jan-2024,02-Jan-2024,Delivered
ORD-00851,CB-038,SKU-0010,SUP-007,88,1240.72,19-Feb-2024,2024-02-23,Delivered
ORD-00852,CB-047,SKU-0045,SUP-009,121,997.14,01/21/2024,2024-01-23,Pending
ORD-00853,CB-016,SKU-0062,SUP-001,118,1291.23,2024-03-24,03/28/2024,Pending
ORD-00854,CB-039,SKU-0059,SUP-011,175,219.1,2024-03-30,05/04/2024,Cancelled
ORD-00855,CB-042,SKU-0050,SUP-007,39,992.91,21-Jan-2024,2024-01-22,Confirmed
ORD-00856,CB-020,SKU-0065,SUP-009,119,927.0,24/02/2024,2024-02-26,Delivered
ORD-00857,CB-023,SKU-0019,SUP-005,172,1051.99,12-Jan-2024,13/01/2024,Delivered
ORD-00858,CB-045,SKU-0054,SUP-009,-3,592.33,2024-01-01,03/01/2024,Confirmed
ORD-00859,CB-032,SKU-0024,SUP-009,190,1328.65,17/02/2024,02/19/2024,Confirmed
ORD-00860,CB-013,SKU-0034,SUP-007,56,625.41,26-Jan-2024,2024-01-27,Cancelled
ORD-00861,CB-008,SKU-0036,SUP-002,85,488.88,22/01/2024,23/01/2024,Cancelled
ORD-00862,CB-001,SKU-0006,SUP-002,25,307.33,01/13/2024,2024-01-14,Delivered
ORD-00863,CB-039,SKU-0055,SUP-006,131,528.54,04-Feb-2024,08-Feb-2024,Confirmed
ORD-00864,CB-004,SKU-0046,SUP-006,112,1131.68,2024-02-16,22-Feb-2024,Delivered
ORD-00865,CB-034,SKU-0036,SUP-012,164,1055.74,2024-01-18,19/01/2024,Cancelled
ORD-00866,CB-043,SKU-0025,SUP-001,131,1380.86,25-Mar-2024,04/01/2024,Pending
ORD-00867,CB-048,SKU-0042,SUP-011,21,630.36,22/03/2024,25/03/2024,Delivered
ORD-00868,CB-031,SKU-0013,SUP-012,119,548.03,11/01/2024,01/14/2024,Delivered
ORD-00869,CB-009,SKU-0064,SUP-002,193,432.37,03/14/2024,21/03/2024,Delivered
ORD-00870,CB-035,SKU-0031,SUP-004,39,308.12,01/22/2024,01/26/2024,Pending
ORD-00871,CB-021,SKU-0050,SUP-005,-30,320.22,2024-01-14,18/01/2024,Cancelled
ORD-00872,CB-041,SKU-0063,SUP-002,44,1116.82,2024-01-16,2024-01-22,Delivered
ORD-00873,CB-046,SKU-0049,SUP-011,174,904.31,17/03/2024,18-Mar-2024,Confirmed
ORD-00874,CB-008,SKU-0012,SUP-006,39,1040.7,29-Jan-2024,02/01/2024,Pending
ORD-00875,CB-025,SKU-0001,SUP-005,42,100.71,14/03/2024,17-Mar-2024,Delivered
ORD-00876,CB-009,SKU-0029,SUP-002,103,562.51,10/02/2024,17/02/2024,Confirmed
ORD-00877,CB-030,SKU-0019,SUP-010,66,407.5,02/07/2024,14-Feb-2024,Cancelled
ORD-00878,CB-045,SKU-0016,SUP-005,91,1395.64,01/05/2024,10/01/2024,Confirmed
ORD-00879,CB-004,SKU-0043,SUP-003,190,1161.62,2024-03-04,03/07/2024,Confirmed
ORD-00880,CB-012,SKU-0063,SUP-012,23,557.65,30-Mar-2024,04/05/2024,Confirmed
ORD-00881,CB-044,SKU-0061,SUP-006,110,1064.43,03/01/2024,08/01/2024,Delivered
ORD-00882,CB-036,SKU-0051,SUP-002,59,196.3,02/06/2024,12/02/2024,Pending
ORD-00883,CB-037,SKU-0018,SUP-008,127,978.9,2024-03-31,2024-04-03,Confirmed
ORD-00884,CB-037,SKU-0014,SUP-011,-24,1102.92,26-Jan-2024,2024-02-01,Delivered
ORD-00885,CB-007,SKU-0046,SUP-008,53,263.79,2024-03-27,03-Apr-2024,Cancelled
ORD-00886,CB-041,SKU-0052,SUP-004,121,62.08,2024-02-13,18/02/2024,Cancelled
ORD-00887,CB-045,SKU-0012,SUP-008,177,1212.88,03/17/2024,2024-03-19,Cancelled
ORD-00888,CB-006,SKU-0016,SUP-008,12,903.35,26-Feb-2024,2024-02-29,Delivered
ORD-00889,CB-048,SKU-0013,SUP-010,132,265.82,14/03/2024,03/19/2024,Delivered
ORD-00890,CB-005,SKU-0024,SUP-007,42,1140.82,2024-02-08,13/02/2024,Delivered
ORD-00891,CB-038,SKU-0016,SUP-004,26,1352.47,08-Mar-2024,2024-03-12,Delivered
ORD-00892,CB-021,SKU-0016,SUP-001,11,193.41,2024-03-29,2024-03-31,Delivered
ORD-00893,CB-008,SKU-0065,SUP-005,18,518.53,02/02/2024,09/02/2024,Cancelled
ORD-00894,CB-019,SKU-0057,SUP-003,-17,814.24,01/01/2024,03/01/2024,Delivered
ORD-00895,CB-007,SKU-0006,SUP-004,140,65.88,2024-03-18,23-Mar-2024,Confirmed
ORD-00896,CB-023,SKU-0036,SUP-003,151,1024.81,18/01/2024,23/01/2024,Delivered
ORD-00897,CB-006,SKU-0033,SUP-011,51,604.1,02/18/2024,24/02/2024,Pending
ORD-00898,CB-045,SKU-0025,SUP-012,78,530.42,03/21/2024,03/27/2024,Delivered
ORD-00899,CB-028,SKU-0049,SUP-001,49,1350.16,2024-01-21,2024-01-25,Delivered
ORD-00900,CB-022,SKU-0012,SUP-006,150,1274.3,01/15/2024,2024-01-21,Confirmed
ORD-00901,CB-015,SKU-0049,SUP-002,35,1099.09,2024-02-05,06/02/2024,Delivered
ORD-00902,CB-023,SKU-0037,SUP-009,135,390.41,2024-03-16,2024-03-23,Delivered
ORD-00903,CB-044,SKU-0052,SUP-008,98,835.35,2024-02-19,02/21/2024,Cancelled
ORD-00904,CB-037,SKU-0035,SUP-001,42,1287.04,01/20/2024,2024-01-26,Confirmed
ORD-00905,CB-012,SKU-0057,SUP-006,117,1120.88,27/03/2024,2024-04-01,Delivered
ORD-00906,CB-006,SKU-0040,SUP-007,68,1082.25,07-Mar-2024,03/13/2024,Pending
ORD-00907,CB-006,SKU-0037,SUP-009,52,1302.48,01/31/2024,2024-02-01,Delivered
ORD-00908,CB-032,SKU-0016,SUP-007,197,34.25,2024-03-27,01-Apr-2024,Pending
ORD-00909,CB-016,SKU-0006,SUP-010,146,636.38,2024-02-24,01-Mar-2024,Delivered
ORD-00910,CB-009,SKU-0046,SUP-001,29,600.47,2024-01-29,2024-01-31,Pending
ORD-00911,CB-008,SKU-0038,SUP-005,73,684.13,2024-02-13,2024-02-19,Cancelled
ORD-00912,CB-042,SKU-0005,SUP-008,65,1251.1,13-Mar-2024,2024-03-17,Pending
ORD-00913,CB-007,SKU-0001,SUP-006,94,1247.92,2024-03-19,2024-03-23,Pending
ORD-00914,CB-033,SKU-0020,SUP-007,60,186.52,25/02/2024,2024-02-29,Cancelled
ORD-00915,CB-020,SKU-0047,SUP-007,130,1250.69,02/02/2024,2024-02-04,Delivered
ORD-00916,CB-023,SKU-0056,SUP-001,122,512.54,25-Mar-2024,2024-04-01,Confirmed
ORD-00917,CB-048,SKU-0043,SUP-001,44,237.03,2024-02-06,07/02/2024,Cancelled
ORD-00918,CB-032,SKU-0017,SUP-006,117,1055.26,02/04/2024,05/02/2024,Cancelled
ORD-00919,CB-002,SKU-0017,SUP-003,38,491.61,2024-02-19,02/21/2024,Pending
ORD-00920,CB-039,SKU-0002,SUP-007,97,680.07,2024-03-27,2024-04-03,Delivered
ORD-00921,CB-012,SKU-0032,SUP-005,49,1076.92,01-Feb-2024,06-Feb-2024,Confirmed
ORD-00922,CB-046,SKU-0014,SUP-012,119,1026.68,26/03/2024,2024-04-02,Delivered
ORD-00923,CB-009,SKU-0052,SUP-001,48,394.3,2024-03-21,2024-03-27,Pending
ORD-00924,CB-025,SKU-0053,SUP-009,33,439.43,03/19/2024,2024-03-21,Delivered
ORD-00925,CB-042,SKU-0007,SUP-005,25,167.43,2024-02-24,28-Feb-2024,Cancelled
ORD-00926,CB-012,SKU-0006,SUP-001,91,87.2,02/23/2024,2024-02-25,Delivered
ORD-00927,CB-017,SKU-0063,SUP-006,35,477.98,2024-02-05,02/10/2024,Cancelled
ORD-00928,CB-048,SKU-0047,SUP-012,43,1093.65,11/03/2024,2024-03-18,Cancelled
ORD-00929,CB-007,SKU-0017,SUP-011,159,1043.48,2024-02-05,07/02/2024,Cancelled
ORD-00930,CB-007,SKU-0010,SUP-009,190,872.33,2024-01-25,27/01/2024,Confirmed
ORD-00931,CB-027,SKU-0033,SUP-009,-7,1365.55,09-Mar-2024,15/03/2024,Cancelled
ORD-00932,CB-034,SKU-0065,SUP-001,27,246.21,2024-01-16,20-Jan-2024,Delivered
ORD-00933,CB-045,SKU-0025,SUP-012,25,1143.13,06/01/2024,11/01/2024,Delivered
ORD-00934,CB-025,SKU-0050,SUP-007,122,856.0,2024-01-10,2024-01-12,Delivered
ORD-00935,CB-033,SKU-0059,SUP-009,-30,995.24,28/01/2024,2024-02-02,Confirmed
ORD-00936,CB-011,SKU-0029,SUP-001,78,753.99,2024-02-07,02/13/2024,Delivered
ORD-00937,CB-016,SKU-0027,SUP-009,23,175.92,01/18/2024,01/21/2024,Delivered
ORD-00938,CB-017,SKU-0018,SUP-007,190,1259.2,2024-02-11,12-Feb-2024,Cancelled
ORD-00939,CB-018,SKU-0023,SUP-005,101,1360.67,02/01/2024,09-Jan-2024,Delivered
ORD-00940,CB-042,SKU-0033,SUP-011,200,893.51,14/01/2024,01/20/2024,Confirmed
ORD-00941,CB-026,SKU-0020,SUP-008,62,335.94,02/11/2024,2024-02-14,Delivered
ORD-00942,CB-012,SKU-0025,SUP-010,56,694.37,01/12/2024,01/16/2024,Pending
ORD-00943,CB-044,SKU-0025,SUP-002,55,213.78,09/02/2024,11/02/2024,Cancelled
ORD-00944,CB-047,SKU-0002,SUP-010,195,153.13,21/02/2024,2024-02-22,Pending
ORD-00945,CB-006,SKU-0035,SUP-003,43,1314.96,23/03/2024,03/24/2024,Pending
ORD-00946,CB-046,SKU-0011,SUP-004,198,207.83,01/14/2024,19-Jan-2024,Confirmed
ORD-00947,CB-004,SKU-0035,SUP-011,132,767.9,2024-02-09,2024-02-12,Delivered
ORD-00948,CB-027,SKU-0019,SUP-001,140,1278.35,2024-02-07,08/02/2024,Confirmed
ORD-00949,CB-044,SKU-0050,SUP-011,83,1239.65,02/15/2024,2024-02-21,Confirmed
ORD-00950,CB-019,SKU-0046,SUP-002,36,867.74,2024-01-15,17-Jan-2024,Pending
